2026-03-28 19:35:33,016 INFO o.a.j.u.JMeterUtils: Setting Locale to en_EN
2026-03-28 19:35:33,025 INFO o.a.j.JMeter: Loading user properties from: /opt/homebrew/Cellar/jmeter/5.6.3/libexec/bin/user.properties
2026-03-28 19:35:33,026 INFO o.a.j.JMeter: Loading system properties from: /opt/homebrew/Cellar/jmeter/5.6.3/libexec/bin/system.properties
2026-03-28 19:35:33,028 INFO o.a.j.JMeter: Copyright (c) 1998-2024 The Apache Software Foundation
2026-03-28 19:35:33,028 INFO o.a.j.JMeter: Version 5.6.3
2026-03-28 19:35:33,028 INFO o.a.j.JMeter: java.version=21.0.10
2026-03-28 19:35:33,028 INFO o.a.j.JMeter: java.vm.name=OpenJDK 64-Bit Server VM
2026-03-28 19:35:33,028 INFO o.a.j.JMeter: os.name=Mac OS X
2026-03-28 19:35:33,028 INFO o.a.j.JMeter: os.arch=aarch64
2026-03-28 19:35:33,028 INFO o.a.j.JMeter: os.version=26.3.1
2026-03-28 19:35:33,028 INFO o.a.j.JMeter: file.encoding=UTF-8
2026-03-28 19:35:33,028 INFO o.a.j.JMeter: java.awt.headless=null
2026-03-28 19:35:33,028 INFO o.a.j.JMeter: Max memory     =1073741824
2026-03-28 19:35:33,028 INFO o.a.j.JMeter: Available Processors =11
2026-03-28 19:35:33,032 INFO o.a.j.JMeter: Default Locale=English (EN)
2026-03-28 19:35:33,032 INFO o.a.j.JMeter: JMeter  Locale=English (EN)
2026-03-28 19:35:33,032 INFO o.a.j.JMeter: JMeterHome=/opt/homebrew/Cellar/jmeter/5.6.3/libexec
2026-03-28 19:35:33,032 INFO o.a.j.JMeter: user.dir  =/Users/antoniofulg/Projects/pds/java-ia/menu
2026-03-28 19:35:33,032 INFO o.a.j.JMeter: PWD       =/Users/antoniofulg/Projects/pds/java-ia/menu
2026-03-28 19:35:33,035 INFO o.a.j.JMeter: IP: 127.0.0.1 Name: Antonios-MacBook-Pro.local FullName: localhost
2026-03-28 19:35:33,041 INFO o.a.j.JMeter: Loaded icon properties from org/apache/jmeter/images/icon.properties
2026-03-28 19:35:33,275 INFO o.a.j.JMeterGuiLauncher: Setting LAF to: com.github.weisj.darklaf.DarkLaf:com.github.weisj.darklaf.theme.DarculaTheme
2026-03-28 19:35:33,878 INFO o.a.j.r.ClassFinder: Will scan jar /opt/homebrew/Cellar/jmeter/5.6.3/libexec/lib/ext/jmeter-plugins-manager-1.9.jar with filter ExtendsClassFilter [parents=[interface org.apache.jmeter.gui.action.Command], inner=false, contains=null, notContains=null]. Consider exposing JMeter plugins via META-INF/services, and add JMeter-Skip-Class-Scanning=true manifest attribute so JMeter can skip classfile scanning
2026-03-28 19:35:33,928 INFO o.a.j.r.ClassFinder: Will scan jar /opt/homebrew/Cellar/jmeter/5.6.3/libexec/lib/ext/jmeter-plugins-manager-1.9.jar with filter ExtendsClassFilter [parents=[interface org.apache.jmeter.gui.plugin.MenuCreator], inner=false, contains=null, notContains=null]. Consider exposing JMeter plugins via META-INF/services, and add JMeter-Skip-Class-Scanning=true manifest attribute so JMeter can skip classfile scanning
2026-03-28 19:35:33,981 INFO o.j.r.JARSourceHTTP: Found cached repo
2026-03-28 19:35:34,063 INFO o.j.r.PluginManager: Plugins Status: [jpgc-plugins-manager=1.9, jmeter-core=5.6.3, jmeter-ftp=5.6.3, jmeter-http=5.6.3, jmeter-jdbc=5.6.3, jmeter-jms=5.6.3, jmeter-junit=5.6.3, jmeter-java=5.6.3, jmeter-ldap=5.6.3, jmeter-mail=5.6.3, jmeter-mongodb=5.6.3, jmeter-native=5.6.3, jmeter-tcp=5.6.3, jmeter-components=5.6.3]
2026-03-28 19:35:34,063 INFO o.j.r.PluginManagerMenuItem: Plugins Manager has upgrades: [jpgc-plugins-manager]
2026-03-28 19:35:46,650 INFO o.a.j.s.FileServer: Default base='/Users/antoniofulg/Projects/pds/java-ia/menu'
2026-03-28 19:35:46,652 INFO o.a.j.g.a.Load: Loading file: /Users/antoniofulg/Projects/pds/java-ia/menu/Test Menu Socket Server.jmx
2026-03-28 19:35:46,652 INFO o.a.j.s.FileServer: Set new base='/Users/antoniofulg/Projects/pds/java-ia/menu'
2026-03-28 19:35:46,730 INFO o.a.j.s.SaveService: Testplan (JMX) version: 2.2. Testlog (JTL) version: 2.2
2026-03-28 19:35:46,733 INFO o.a.j.s.SaveService: Using SaveService properties version 5.0
2026-03-28 19:35:46,734 INFO o.a.j.s.SaveService: Using SaveService properties file encoding UTF-8
2026-03-28 19:35:46,734 INFO o.a.j.s.SaveService: Loading file: /Users/antoniofulg/Projects/pds/java-ia/menu/Test Menu Socket Server.jmx
2026-03-28 19:35:46,765 INFO o.a.j.p.h.s.HTTPSamplerBase: Parser for text/html is org.apache.jmeter.protocol.http.parser.LagartoBasedHtmlParser
2026-03-28 19:35:46,765 INFO o.a.j.p.h.s.HTTPSamplerBase: Parser for application/xhtml+xml is org.apache.jmeter.protocol.http.parser.LagartoBasedHtmlParser
2026-03-28 19:35:46,765 INFO o.a.j.p.h.s.HTTPSamplerBase: Parser for application/xml is org.apache.jmeter.protocol.http.parser.LagartoBasedHtmlParser
2026-03-28 19:35:46,765 INFO o.a.j.p.h.s.HTTPSamplerBase: Parser for text/xml is org.apache.jmeter.protocol.http.parser.LagartoBasedHtmlParser
2026-03-28 19:35:46,765 INFO o.a.j.p.h.s.HTTPSamplerBase: Parser for text/vnd.wap.wml is org.apache.jmeter.protocol.http.parser.RegexpHTMLParser
2026-03-28 19:35:46,765 INFO o.a.j.p.h.s.HTTPSamplerBase: Parser for text/css is org.apache.jmeter.protocol.http.parser.CssParser
2026-03-28 19:35:46,832 INFO o.a.j.s.SampleResult: Note: Sample TimeStamps are START times
2026-03-28 19:35:46,832 INFO o.a.j.s.SampleResult: sampleresult.default.encoding is set to UTF-8
2026-03-28 19:35:46,832 INFO o.a.j.s.SampleResult: sampleresult.useNanoTime=true
2026-03-28 19:35:46,832 INFO o.a.j.s.SampleResult: sampleresult.nanoThreadSleep=5000
2026-03-28 19:35:46,871 INFO o.a.j.r.ClassFinder: Will scan jar /opt/homebrew/Cellar/jmeter/5.6.3/libexec/lib/ext/jmeter-plugins-manager-1.9.jar with filter ExtendsClassFilter [parents=[interface org.apache.jmeter.visualizers.ResultRenderer], inner=false, contains=null, notContains=null]. Consider exposing JMeter plugins via META-INF/services, and add JMeter-Skip-Class-Scanning=true manifest attribute so JMeter can skip classfile scanning
2026-03-28 19:35:46,882 INFO o.a.j.r.ClassFinder: Will scan jar /opt/homebrew/Cellar/jmeter/5.6.3/libexec/lib/ext/jmeter-plugins-manager-1.9.jar with filter ExtendsClassFilter [parents=[interface org.apache.jmeter.visualizers.RequestView], inner=false, contains=null, notContains=null]. Consider exposing JMeter plugins via META-INF/services, and add JMeter-Skip-Class-Scanning=true manifest attribute so JMeter can skip classfile scanning
2026-03-28 19:35:46,899 INFO o.a.j.s.FileServer: Set new base='/Users/antoniofulg/Projects/pds/java-ia/menu'
2026-03-28 19:37:28,115 INFO o.a.j.e.StandardJMeterEngine: Running the test!
2026-03-28 19:37:28,117 INFO o.a.j.s.SampleEvent: List of sample_variables: []
2026-03-28 19:37:28,117 INFO o.a.j.s.SampleEvent: List of sample_variables: []
2026-03-28 19:37:28,118 INFO o.a.j.e.u.CompoundVariable: Note: Function class names must contain the string: '.functions.'
2026-03-28 19:37:28,118 INFO o.a.j.e.u.CompoundVariable: Note: Function class names must not contain the string: '.gui.'
2026-03-28 19:37:28,155 INFO o.a.j.r.ClassFinder: Will scan jar /opt/homebrew/Cellar/jmeter/5.6.3/libexec/lib/ext/jmeter-plugins-manager-1.9.jar with filter ExtendsClassFilter [parents=[interface org.apache.jmeter.functions.Function], inner=false, contains=null, notContains=null]. Consider exposing JMeter plugins via META-INF/services, and add JMeter-Skip-Class-Scanning=true manifest attribute so JMeter can skip classfile scanning
2026-03-28 19:37:28,161 INFO o.a.j.g.u.JMeterMenuBar: setRunning(true, *local*)
2026-03-28 19:37:28,203 INFO o.a.j.e.StandardJMeterEngine: Starting ThreadGroup: 1 : Menu Access
2026-03-28 19:37:28,203 INFO o.a.j.e.StandardJMeterEngine: Starting 100 threads for group Menu Access.
2026-03-28 19:37:28,203 INFO o.a.j.e.StandardJMeterEngine: Thread will continue on error
2026-03-28 19:37:28,203 INFO o.a.j.t.ThreadGroup: Starting thread group... number=1 threads=100 ramp-up=10 delayedStart=false
2026-03-28 19:37:28,205 INFO o.a.j.t.JMeterThread: Thread started: Menu Access 1-1
2026-03-28 19:37:28,212 INFO o.a.j.p.h.s.HTTPHCAbstractImpl: Local host = Antonios-MacBook-Pro.local
2026-03-28 19:37:28,218 INFO o.a.j.p.h.s.HTTPHC4Impl: HTTP request retry count = 0
2026-03-28 19:37:28,220 INFO o.a.j.t.ThreadGroup: Started thread group number 1
2026-03-28 19:37:28,220 INFO o.a.j.e.StandardJMeterEngine: All thread groups have been started
2026-03-28 19:37:28,308 INFO o.a.j.t.JMeterThread: Thread started: Menu Access 1-2
2026-03-28 19:37:28,407 INFO o.a.j.t.JMeterThread: Thread started: Menu Access 1-3
2026-03-28 19:37:28,509 INFO o.a.j.t.JMeterThread: Thread started: Menu Access 1-4
2026-03-28 19:37:28,609 INFO o.a.j.t.JMeterThread: Thread started: Menu Access 1-5
2026-03-28 19:37:28,709 INFO o.a.j.t.JMeterThread: Thread started: Menu Access 1-6
2026-03-28 19:37:28,806 INFO o.a.j.t.JMeterThread: Thread started: Menu Access 1-7
2026-03-28 19:37:28,903 INFO o.a.j.t.JMeterThread: Thread started: Menu Access 1-8
2026-03-28 19:37:29,007 INFO o.a.j.t.JMeterThread: Thread started: Menu Access 1-9
2026-03-28 19:37:29,107 INFO o.a.j.t.JMeterThread: Thread started: Menu Access 1-10
2026-03-28 19:37:29,204 INFO o.a.j.t.JMeterThread: Thread started: Menu Access 1-11
2026-03-28 19:37:29,306 INFO o.a.j.t.JMeterThread: Thread started: Menu Access 1-12
2026-03-28 19:37:29,410 INFO o.a.j.t.JMeterThread: Thread started: Menu Access 1-13
2026-03-28 19:37:29,508 INFO o.a.j.t.JMeterThread: Thread started: Menu Access 1-14
2026-03-28 19:37:29,608 INFO o.a.j.t.JMeterThread: Thread started: Menu Access 1-15
2026-03-28 19:37:29,704 INFO o.a.j.t.JMeterThread: Thread started: Menu Access 1-16
2026-03-28 19:37:29,808 INFO o.a.j.t.JMeterThread: Thread started: Menu Access 1-17
2026-03-28 19:37:29,908 INFO o.a.j.t.JMeterThread: Thread started: Menu Access 1-18
2026-03-28 19:37:30,008 INFO o.a.j.t.JMeterThread: Thread started: Menu Access 1-19
2026-03-28 19:37:30,108 INFO o.a.j.t.JMeterThread: Thread started: Menu Access 1-20
2026-03-28 19:37:30,209 INFO o.a.j.t.JMeterThread: Thread started: Menu Access 1-21
2026-03-28 19:37:30,305 INFO o.a.j.t.JMeterThread: Thread started: Menu Access 1-22
2026-03-28 19:37:30,404 INFO o.a.j.t.JMeterThread: Thread started: Menu Access 1-23
2026-03-28 19:37:30,508 INFO o.a.j.t.JMeterThread: Thread started: Menu Access 1-24
2026-03-28 19:37:30,604 INFO o.a.j.t.JMeterThread: Thread started: Menu Access 1-25
2026-03-28 19:37:30,708 INFO o.a.j.t.JMeterThread: Thread started: Menu Access 1-26
2026-03-28 19:37:30,807 INFO o.a.j.t.JMeterThread: Thread started: Menu Access 1-27
2026-03-28 19:37:30,908 INFO o.a.j.t.JMeterThread: Thread started: Menu Access 1-28
2026-03-28 19:37:31,008 INFO o.a.j.t.JMeterThread: Thread started: Menu Access 1-29
2026-03-28 19:37:31,103 INFO o.a.j.t.JMeterThread: Thread started: Menu Access 1-30
2026-03-28 19:37:31,209 INFO o.a.j.t.JMeterThread: Thread started: Menu Access 1-31
2026-03-28 19:37:31,309 INFO o.a.j.t.JMeterThread: Thread started: Menu Access 1-32
2026-03-28 19:37:31,404 INFO o.a.j.t.JMeterThread: Thread started: Menu Access 1-33
2026-03-28 19:37:31,508 INFO o.a.j.t.JMeterThread: Thread started: Menu Access 1-34
2026-03-28 19:37:31,603 INFO o.a.j.t.JMeterThread: Thread started: Menu Access 1-35
2026-03-28 19:37:31,708 INFO o.a.j.t.JMeterThread: Thread started: Menu Access 1-36
2026-03-28 19:37:31,808 INFO o.a.j.t.JMeterThread: Thread started: Menu Access 1-37
2026-03-28 19:37:31,904 INFO o.a.j.t.JMeterThread: Thread started: Menu Access 1-38
2026-03-28 19:37:32,006 INFO o.a.j.t.JMeterThread: Thread started: Menu Access 1-39
2026-03-28 19:37:32,108 INFO o.a.j.t.JMeterThread: Thread started: Menu Access 1-40
2026-03-28 19:37:32,203 INFO o.a.j.t.JMeterThread: Thread started: Menu Access 1-41
2026-03-28 19:37:32,304 INFO o.a.j.t.JMeterThread: Thread started: Menu Access 1-42
2026-03-28 19:37:32,407 INFO o.a.j.t.JMeterThread: Thread started: Menu Access 1-43
2026-03-28 19:37:32,508 INFO o.a.j.t.JMeterThread: Thread started: Menu Access 1-44
2026-03-28 19:37:32,603 INFO o.a.j.t.JMeterThread: Thread started: Menu Access 1-45
2026-03-28 19:37:32,705 INFO o.a.j.t.JMeterThread: Thread started: Menu Access 1-46
2026-03-28 19:37:32,805 INFO o.a.j.t.JMeterThread: Thread started: Menu Access 1-47
2026-03-28 19:37:32,908 INFO o.a.j.t.JMeterThread: Thread started: Menu Access 1-48
2026-03-28 19:37:33,005 INFO o.a.j.t.JMeterThread: Thread started: Menu Access 1-49
2026-03-28 19:37:33,106 INFO o.a.j.t.JMeterThread: Thread started: Menu Access 1-50
2026-03-28 19:37:33,204 INFO o.a.j.t.JMeterThread: Thread started: Menu Access 1-51
2026-03-28 19:37:33,306 INFO o.a.j.t.JMeterThread: Thread started: Menu Access 1-52
2026-03-28 19:37:33,408 INFO o.a.j.t.JMeterThread: Thread started: Menu Access 1-53
2026-03-28 19:37:33,506 INFO o.a.j.t.JMeterThread: Thread started: Menu Access 1-54
2026-03-28 19:37:33,605 INFO o.a.j.t.JMeterThread: Thread started: Menu Access 1-55
2026-03-28 19:37:33,706 INFO o.a.j.t.JMeterThread: Thread started: Menu Access 1-56
2026-03-28 19:37:33,805 INFO o.a.j.t.JMeterThread: Thread started: Menu Access 1-57
2026-03-28 19:37:33,905 INFO o.a.j.t.JMeterThread: Thread started: Menu Access 1-58
2026-03-28 19:37:34,008 INFO o.a.j.t.JMeterThread: Thread started: Menu Access 1-59
2026-03-28 19:37:34,106 INFO o.a.j.t.JMeterThread: Thread started: Menu Access 1-60
2026-03-28 19:37:34,208 INFO o.a.j.t.JMeterThread: Thread started: Menu Access 1-61
2026-03-28 19:37:34,306 INFO o.a.j.t.JMeterThread: Thread started: Menu Access 1-62
2026-03-28 19:37:34,408 INFO o.a.j.t.JMeterThread: Thread started: Menu Access 1-63
2026-03-28 19:37:34,508 INFO o.a.j.t.JMeterThread: Thread started: Menu Access 1-64
2026-03-28 19:37:34,605 INFO o.a.j.t.JMeterThread: Thread started: Menu Access 1-65
2026-03-28 19:37:34,705 INFO o.a.j.t.JMeterThread: Thread started: Menu Access 1-66
2026-03-28 19:37:34,809 INFO o.a.j.t.JMeterThread: Thread started: Menu Access 1-67
2026-03-28 19:37:34,905 INFO o.a.j.t.JMeterThread: Thread started: Menu Access 1-68
2026-03-28 19:37:35,007 INFO o.a.j.t.JMeterThread: Thread started: Menu Access 1-69
2026-03-28 19:37:35,109 INFO o.a.j.t.JMeterThread: Thread started: Menu Access 1-70
2026-03-28 19:37:35,207 INFO o.a.j.t.JMeterThread: Thread started: Menu Access 1-71
2026-03-28 19:37:35,303 INFO o.a.j.t.JMeterThread: Thread started: Menu Access 1-72
2026-03-28 19:37:35,405 INFO o.a.j.t.JMeterThread: Thread started: Menu Access 1-73
2026-03-28 19:37:35,504 INFO o.a.j.t.JMeterThread: Thread started: Menu Access 1-74
2026-03-28 19:37:35,605 INFO o.a.j.t.JMeterThread: Thread started: Menu Access 1-75
2026-03-28 19:37:35,705 INFO o.a.j.t.JMeterThread: Thread started: Menu Access 1-76
2026-03-28 19:37:35,808 INFO o.a.j.t.JMeterThread: Thread started: Menu Access 1-77
2026-03-28 19:37:35,908 INFO o.a.j.t.JMeterThread: Thread started: Menu Access 1-78
2026-03-28 19:37:36,005 INFO o.a.j.t.JMeterThread: Thread started: Menu Access 1-79
2026-03-28 19:37:36,106 INFO o.a.j.t.JMeterThread: Thread started: Menu Access 1-80
2026-03-28 19:37:36,209 INFO o.a.j.t.JMeterThread: Thread started: Menu Access 1-81
2026-03-28 19:37:36,305 INFO o.a.j.t.JMeterThread: Thread started: Menu Access 1-82
2026-03-28 19:37:36,408 INFO o.a.j.t.JMeterThread: Thread started: Menu Access 1-83
2026-03-28 19:37:36,508 INFO o.a.j.t.JMeterThread: Thread started: Menu Access 1-84
2026-03-28 19:37:36,605 INFO o.a.j.t.JMeterThread: Thread started: Menu Access 1-85
2026-03-28 19:37:36,708 INFO o.a.j.t.JMeterThread: Thread started: Menu Access 1-86
2026-03-28 19:37:36,805 INFO o.a.j.t.JMeterThread: Thread started: Menu Access 1-87
2026-03-28 19:37:36,908 INFO o.a.j.t.JMeterThread: Thread started: Menu Access 1-88
2026-03-28 19:37:37,006 INFO o.a.j.t.JMeterThread: Thread started: Menu Access 1-89
2026-03-28 19:37:37,108 INFO o.a.j.t.JMeterThread: Thread started: Menu Access 1-90
2026-03-28 19:37:37,209 INFO o.a.j.t.JMeterThread: Thread started: Menu Access 1-91
2026-03-28 19:37:37,309 INFO o.a.j.t.JMeterThread: Thread started: Menu Access 1-92
2026-03-28 19:37:37,404 INFO o.a.j.t.JMeterThread: Thread started: Menu Access 1-93
2026-03-28 19:37:37,508 INFO o.a.j.t.JMeterThread: Thread started: Menu Access 1-94
2026-03-28 19:37:37,608 INFO o.a.j.t.JMeterThread: Thread started: Menu Access 1-95
2026-03-28 19:37:37,709 INFO o.a.j.t.JMeterThread: Thread started: Menu Access 1-96
2026-03-28 19:37:37,806 INFO o.a.j.t.JMeterThread: Thread started: Menu Access 1-97
2026-03-28 19:37:37,906 INFO o.a.j.t.JMeterThread: Thread started: Menu Access 1-98
2026-03-28 19:37:38,006 INFO o.a.j.t.JMeterThread: Thread started: Menu Access 1-99
2026-03-28 19:37:38,104 INFO o.a.j.t.JMeterThread: Thread started: Menu Access 1-100
2026-03-28 19:38:28,216 INFO o.a.j.t.JMeterThread: Stopping because end time detected by thread: Menu Access 1-15
2026-03-28 19:38:28,219 INFO o.a.j.t.JMeterThread: Thread finished: Menu Access 1-15
2026-03-28 19:38:28,219 INFO o.a.j.t.JMeterThread: Stopping because end time detected by thread: Menu Access 1-10
2026-03-28 19:38:28,219 INFO o.a.j.t.JMeterThread: Thread finished: Menu Access 1-10
2026-03-28 19:38:28,221 INFO o.a.j.t.JMeterThread: Stopping because end time detected by thread: Menu Access 1-79
2026-03-28 19:38:28,221 INFO o.a.j.t.JMeterThread: Thread finished: Menu Access 1-79
2026-03-28 19:38:28,222 INFO o.a.j.t.JMeterThread: Stopping because end time detected by thread: Menu Access 1-23
2026-03-28 19:38:28,222 INFO o.a.j.t.JMeterThread: Thread finished: Menu Access 1-23
2026-03-28 19:38:28,222 INFO o.a.j.t.JMeterThread: Stopping because end time detected by thread: Menu Access 1-46
2026-03-28 19:38:28,222 INFO o.a.j.t.JMeterThread: Thread finished: Menu Access 1-46
2026-03-28 19:38:28,224 INFO o.a.j.t.JMeterThread: Stopping because end time detected by thread: Menu Access 1-41
2026-03-28 19:38:28,224 INFO o.a.j.t.JMeterThread: Thread finished: Menu Access 1-41
2026-03-28 19:38:28,236 INFO o.a.j.t.JMeterThread: Stopping because end time detected by thread: Menu Access 1-74
2026-03-28 19:38:28,236 INFO o.a.j.t.JMeterThread: Stopping because end time detected by thread: Menu Access 1-94
2026-03-28 19:38:28,236 INFO o.a.j.t.JMeterThread: Thread finished: Menu Access 1-94
2026-03-28 19:38:28,236 INFO o.a.j.t.JMeterThread: Thread finished: Menu Access 1-74
2026-03-28 19:38:28,241 INFO o.a.j.t.JMeterThread: Stopping because end time detected by thread: Menu Access 1-2
2026-03-28 19:38:28,241 INFO o.a.j.t.JMeterThread: Thread finished: Menu Access 1-2
2026-03-28 19:38:28,245 INFO o.a.j.t.JMeterThread: Stopping because end time detected by thread: Menu Access 1-71
2026-03-28 19:38:28,245 INFO o.a.j.t.JMeterThread: Stopping because end time detected by thread: Menu Access 1-97
2026-03-28 19:38:28,245 INFO o.a.j.t.JMeterThread: Stopping because end time detected by thread: Menu Access 1-28
2026-03-28 19:38:28,245 INFO o.a.j.t.JMeterThread: Thread finished: Menu Access 1-71
2026-03-28 19:38:28,245 INFO o.a.j.t.JMeterThread: Thread finished: Menu Access 1-28
2026-03-28 19:38:28,245 INFO o.a.j.t.JMeterThread: Thread finished: Menu Access 1-97
2026-03-28 19:38:28,247 INFO o.a.j.t.JMeterThread: Stopping because end time detected by thread: Menu Access 1-20
2026-03-28 19:38:28,247 INFO o.a.j.t.JMeterThread: Stopping because end time detected by thread: Menu Access 1-33
2026-03-28 19:38:28,247 INFO o.a.j.t.JMeterThread: Thread finished: Menu Access 1-20
2026-03-28 19:38:28,247 INFO o.a.j.t.JMeterThread: Thread finished: Menu Access 1-33
2026-03-28 19:38:28,260 INFO o.a.j.t.JMeterThread: Stopping because end time detected by thread: Menu Access 1-18
2026-03-28 19:38:28,261 INFO o.a.j.t.JMeterThread: Thread finished: Menu Access 1-18
2026-03-28 19:38:28,263 INFO o.a.j.t.JMeterThread: Stopping because end time detected by thread: Menu Access 1-69
2026-03-28 19:38:28,263 INFO o.a.j.t.JMeterThread: Thread finished: Menu Access 1-69
2026-03-28 19:38:28,277 INFO o.a.j.t.JMeterThread: Stopping because end time detected by thread: Menu Access 1-61
2026-03-28 19:38:28,277 INFO o.a.j.t.JMeterThread: Thread finished: Menu Access 1-61
2026-03-28 19:38:28,301 INFO o.a.j.t.JMeterThread: Stopping because end time detected by thread: Menu Access 1-89
2026-03-28 19:38:28,301 INFO o.a.j.t.JMeterThread: Thread finished: Menu Access 1-89
2026-03-28 19:38:28,302 INFO o.a.j.t.JMeterThread: Stopping because end time detected by thread: Menu Access 1-56
2026-03-28 19:38:28,302 INFO o.a.j.t.JMeterThread: Thread finished: Menu Access 1-56
2026-03-28 19:38:28,302 INFO o.a.j.t.JMeterThread: Stopping because end time detected by thread: Menu Access 1-5
2026-03-28 19:38:28,302 INFO o.a.j.t.JMeterThread: Thread finished: Menu Access 1-5
2026-03-28 19:38:28,303 INFO o.a.j.t.JMeterThread: Stopping because end time detected by thread: Menu Access 1-51
2026-03-28 19:38:28,303 INFO o.a.j.t.JMeterThread: Stopping because end time detected by thread: Menu Access 1-84
2026-03-28 19:38:28,304 INFO o.a.j.t.JMeterThread: Thread finished: Menu Access 1-84
2026-03-28 19:38:28,304 INFO o.a.j.t.JMeterThread: Thread finished: Menu Access 1-51
2026-03-28 19:38:28,370 INFO o.a.j.t.JMeterThread: Stopping because end time detected by thread: Menu Access 1-8
2026-03-28 19:38:28,370 INFO o.a.j.t.JMeterThread: Stopping because end time detected by thread: Menu Access 1-62
2026-03-28 19:38:28,370 INFO o.a.j.t.JMeterThread: Thread finished: Menu Access 1-62
2026-03-28 19:38:28,370 INFO o.a.j.t.JMeterThread: Thread finished: Menu Access 1-8
2026-03-28 19:38:28,374 INFO o.a.j.t.JMeterThread: Stopping because end time detected by thread: Menu Access 1-92
2026-03-28 19:38:28,374 INFO o.a.j.t.JMeterThread: Thread finished: Menu Access 1-92
2026-03-28 19:38:28,378 INFO o.a.j.t.JMeterThread: Stopping because end time detected by thread: Menu Access 1-21
2026-03-28 19:38:28,378 INFO o.a.j.t.JMeterThread: Thread finished: Menu Access 1-21
2026-03-28 19:38:28,378 INFO o.a.j.t.JMeterThread: Stopping because end time detected by thread: Menu Access 1-54
2026-03-28 19:38:28,378 INFO o.a.j.t.JMeterThread: Thread finished: Menu Access 1-54
2026-03-28 19:38:28,379 INFO o.a.j.t.JMeterThread: Stopping because end time detected by thread: Menu Access 1-52
2026-03-28 19:38:28,379 INFO o.a.j.t.JMeterThread: Thread finished: Menu Access 1-52
2026-03-28 19:38:28,381 INFO o.a.j.t.JMeterThread: Stopping because end time detected by thread: Menu Access 1-44
2026-03-28 19:38:28,381 INFO o.a.j.t.JMeterThread: Stopping because end time detected by thread: Menu Access 1-6
2026-03-28 19:38:28,381 INFO o.a.j.t.JMeterThread: Thread finished: Menu Access 1-44
2026-03-28 19:38:28,381 INFO o.a.j.t.JMeterThread: Thread finished: Menu Access 1-6
2026-03-28 19:38:28,382 INFO o.a.j.t.JMeterThread: Stopping because end time detected by thread: Menu Access 1-59
2026-03-28 19:38:28,382 INFO o.a.j.t.JMeterThread: Thread finished: Menu Access 1-59
2026-03-28 19:38:28,385 INFO o.a.j.t.JMeterThread: Stopping because end time detected by thread: Menu Access 1-60
2026-03-28 19:38:28,386 INFO o.a.j.t.JMeterThread: Thread finished: Menu Access 1-60
2026-03-28 19:38:28,386 INFO o.a.j.t.JMeterThread: Stopping because end time detected by thread: Menu Access 1-11
2026-03-28 19:38:28,386 INFO o.a.j.t.JMeterThread: Thread finished: Menu Access 1-11
2026-03-28 19:38:28,387 INFO o.a.j.t.JMeterThread: Stopping because end time detected by thread: Menu Access 1-72
2026-03-28 19:38:28,387 INFO o.a.j.t.JMeterThread: Thread finished: Menu Access 1-72
2026-03-28 19:38:28,395 INFO o.a.j.t.JMeterThread: Stopping because end time detected by thread: Menu Access 1-65
2026-03-28 19:38:28,395 INFO o.a.j.t.JMeterThread: Thread finished: Menu Access 1-65
2026-03-28 19:38:28,404 INFO o.a.j.t.JMeterThread: Stopping because end time detected by thread: Menu Access 1-31
2026-03-28 19:38:28,404 INFO o.a.j.t.JMeterThread: Stopping because end time detected by thread: Menu Access 1-77
2026-03-28 19:38:28,404 INFO o.a.j.t.JMeterThread: Stopping because end time detected by thread: Menu Access 1-90
2026-03-28 19:38:28,404 INFO o.a.j.t.JMeterThread: Thread finished: Menu Access 1-77
2026-03-28 19:38:28,404 INFO o.a.j.t.JMeterThread: Thread finished: Menu Access 1-90
2026-03-28 19:38:28,404 INFO o.a.j.t.JMeterThread: Thread finished: Menu Access 1-31
2026-03-28 19:38:28,404 INFO o.a.j.t.JMeterThread: Stopping because end time detected by thread: Menu Access 1-55
2026-03-28 19:38:28,405 INFO o.a.j.t.JMeterThread: Stopping because end time detected by thread: Menu Access 1-45
2026-03-28 19:38:28,405 INFO o.a.j.t.JMeterThread: Thread finished: Menu Access 1-55
2026-03-28 19:38:28,405 INFO o.a.j.t.JMeterThread: Thread finished: Menu Access 1-45
2026-03-28 19:38:28,406 INFO o.a.j.t.JMeterThread: Stopping because end time detected by thread: Menu Access 1-19
2026-03-28 19:38:28,406 INFO o.a.j.t.JMeterThread: Thread finished: Menu Access 1-19
2026-03-28 19:38:28,407 INFO o.a.j.t.JMeterThread: Stopping because end time detected by thread: Menu Access 1-83
2026-03-28 19:38:28,407 INFO o.a.j.t.JMeterThread: Stopping because end time detected by thread: Menu Access 1-82
2026-03-28 19:38:28,407 INFO o.a.j.t.JMeterThread: Thread finished: Menu Access 1-83
2026-03-28 19:38:28,407 INFO o.a.j.t.JMeterThread: Thread finished: Menu Access 1-82
2026-03-28 19:38:28,411 INFO o.a.j.t.JMeterThread: Stopping because end time detected by thread: Menu Access 1-93
2026-03-28 19:38:28,411 INFO o.a.j.t.JMeterThread: Stopping because end time detected by thread: Menu Access 1-40
2026-03-28 19:38:28,411 INFO o.a.j.t.JMeterThread: Stopping because end time detected by thread: Menu Access 1-49
2026-03-28 19:38:28,411 INFO o.a.j.t.JMeterThread: Thread finished: Menu Access 1-49
2026-03-28 19:38:28,411 INFO o.a.j.t.JMeterThread: Thread finished: Menu Access 1-40
2026-03-28 19:38:28,412 INFO o.a.j.t.JMeterThread: Thread finished: Menu Access 1-93
2026-03-28 19:38:28,412 INFO o.a.j.t.JMeterThread: Stopping because end time detected by thread: Menu Access 1-1
2026-03-28 19:38:28,412 INFO o.a.j.t.JMeterThread: Thread finished: Menu Access 1-1
2026-03-28 19:38:28,412 INFO o.a.j.t.JMeterThread: Stopping because end time detected by thread: Menu Access 1-48
2026-03-28 19:38:28,412 INFO o.a.j.t.JMeterThread: Stopping because end time detected by thread: Menu Access 1-57
2026-03-28 19:38:28,412 INFO o.a.j.t.JMeterThread: Thread finished: Menu Access 1-48
2026-03-28 19:38:28,412 INFO o.a.j.t.JMeterThread: Stopping because end time detected by thread: Menu Access 1-67
2026-03-28 19:38:28,412 INFO o.a.j.t.JMeterThread: Thread finished: Menu Access 1-57
2026-03-28 19:38:28,412 INFO o.a.j.t.JMeterThread: Thread finished: Menu Access 1-67
2026-03-28 19:38:28,414 INFO o.a.j.t.JMeterThread: Stopping because end time detected by thread: Menu Access 1-63
2026-03-28 19:38:28,414 INFO o.a.j.t.JMeterThread: Stopping because end time detected by thread: Menu Access 1-26
2026-03-28 19:38:28,414 INFO o.a.j.t.JMeterThread: Thread finished: Menu Access 1-63
2026-03-28 19:38:28,414 INFO o.a.j.t.JMeterThread: Thread finished: Menu Access 1-26
2026-03-28 19:38:28,414 INFO o.a.j.t.JMeterThread: Stopping because end time detected by thread: Menu Access 1-17
2026-03-28 19:38:28,414 INFO o.a.j.t.JMeterThread: Thread finished: Menu Access 1-17
2026-03-28 19:38:28,420 INFO o.a.j.t.JMeterThread: Stopping because end time detected by thread: Menu Access 1-36
2026-03-28 19:38:28,420 INFO o.a.j.t.JMeterThread: Thread finished: Menu Access 1-36
2026-03-28 19:38:28,425 INFO o.a.j.t.JMeterThread: Stopping because end time detected by thread: Menu Access 1-50
2026-03-28 19:38:28,425 INFO o.a.j.t.JMeterThread: Stopping because end time detected by thread: Menu Access 1-35
2026-03-28 19:38:28,425 INFO o.a.j.t.JMeterThread: Thread finished: Menu Access 1-50
2026-03-28 19:38:28,425 INFO o.a.j.t.JMeterThread: Thread finished: Menu Access 1-35
2026-03-28 19:38:28,430 INFO o.a.j.t.JMeterThread: Stopping because end time detected by thread: Menu Access 1-39
2026-03-28 19:38:28,430 INFO o.a.j.t.JMeterThread: Stopping because end time detected by thread: Menu Access 1-38
2026-03-28 19:38:28,430 INFO o.a.j.t.JMeterThread: Stopping because end time detected by thread: Menu Access 1-100
2026-03-28 19:38:28,430 INFO o.a.j.t.JMeterThread: Thread finished: Menu Access 1-38
2026-03-28 19:38:28,430 INFO o.a.j.t.JMeterThread: Thread finished: Menu Access 1-100
2026-03-28 19:38:28,430 INFO o.a.j.t.JMeterThread: Thread finished: Menu Access 1-39
2026-03-28 19:38:28,432 INFO o.a.j.t.JMeterThread: Stopping because end time detected by thread: Menu Access 1-73
2026-03-28 19:38:28,432 INFO o.a.j.t.JMeterThread: Thread finished: Menu Access 1-73
2026-03-28 19:38:28,434 INFO o.a.j.t.JMeterThread: Stopping because end time detected by thread: Menu Access 1-58
2026-03-28 19:38:28,434 INFO o.a.j.t.JMeterThread: Thread finished: Menu Access 1-58
2026-03-28 19:38:28,434 INFO o.a.j.t.JMeterThread: Stopping because end time detected by thread: Menu Access 1-22
2026-03-28 19:38:28,434 INFO o.a.j.t.JMeterThread: Stopping because end time detected by thread: Menu Access 1-14
2026-03-28 19:38:28,434 INFO o.a.j.t.JMeterThread: Stopping because end time detected by thread: Menu Access 1-47
2026-03-28 19:38:28,434 INFO o.a.j.t.JMeterThread: Thread finished: Menu Access 1-22
2026-03-28 19:38:28,434 INFO o.a.j.t.JMeterThread: Thread finished: Menu Access 1-14
2026-03-28 19:38:28,434 INFO o.a.j.t.JMeterThread: Thread finished: Menu Access 1-47
2026-03-28 19:38:28,434 INFO o.a.j.t.JMeterThread: Stopping because end time detected by thread: Menu Access 1-91
2026-03-28 19:38:28,435 INFO o.a.j.t.JMeterThread: Thread finished: Menu Access 1-91
2026-03-28 19:38:28,436 INFO o.a.j.t.JMeterThread: Stopping because end time detected by thread: Menu Access 1-9
2026-03-28 19:38:28,436 INFO o.a.j.t.JMeterThread: Thread finished: Menu Access 1-9
2026-03-28 19:38:28,436 INFO o.a.j.t.JMeterThread: Stopping because end time detected by thread: Menu Access 1-53
2026-03-28 19:38:28,436 INFO o.a.j.t.JMeterThread: Thread finished: Menu Access 1-53
2026-03-28 19:38:28,436 INFO o.a.j.t.JMeterThread: Stopping because end time detected by thread: Menu Access 1-43
2026-03-28 19:38:28,437 INFO o.a.j.t.JMeterThread: Thread finished: Menu Access 1-43
2026-03-28 19:38:28,442 INFO o.a.j.t.JMeterThread: Stopping because end time detected by thread: Menu Access 1-30
2026-03-28 19:38:28,442 INFO o.a.j.t.JMeterThread: Stopping because end time detected by thread: Menu Access 1-16
2026-03-28 19:38:28,442 INFO o.a.j.t.JMeterThread: Thread finished: Menu Access 1-30
2026-03-28 19:38:28,442 INFO o.a.j.t.JMeterThread: Stopping because end time detected by thread: Menu Access 1-85
2026-03-28 19:38:28,442 INFO o.a.j.t.JMeterThread: Stopping because end time detected by thread: Menu Access 1-70
2026-03-28 19:38:28,442 INFO o.a.j.t.JMeterThread: Stopping because end time detected by thread: Menu Access 1-78
2026-03-28 19:38:28,442 INFO o.a.j.t.JMeterThread: Thread finished: Menu Access 1-16
2026-03-28 19:38:28,442 INFO o.a.j.t.JMeterThread: Stopping because end time detected by thread: Menu Access 1-32
2026-03-28 19:38:28,442 INFO o.a.j.t.JMeterThread: Thread finished: Menu Access 1-32
2026-03-28 19:38:28,442 INFO o.a.j.t.JMeterThread: Thread finished: Menu Access 1-70
2026-03-28 19:38:28,442 INFO o.a.j.t.JMeterThread: Thread finished: Menu Access 1-85
2026-03-28 19:38:28,442 INFO o.a.j.t.JMeterThread: Thread finished: Menu Access 1-78
2026-03-28 19:38:28,442 INFO o.a.j.t.JMeterThread: Stopping because end time detected by thread: Menu Access 1-99
2026-03-28 19:38:28,442 INFO o.a.j.t.JMeterThread: Thread finished: Menu Access 1-99
2026-03-28 19:38:28,445 INFO o.a.j.t.JMeterThread: Stopping because end time detected by thread: Menu Access 1-95
2026-03-28 19:38:28,445 INFO o.a.j.t.JMeterThread: Stopping because end time detected by thread: Menu Access 1-86
2026-03-28 19:38:28,445 INFO o.a.j.t.JMeterThread: Thread finished: Menu Access 1-95
2026-03-28 19:38:28,445 INFO o.a.j.t.JMeterThread: Thread finished: Menu Access 1-86
2026-03-28 19:38:28,445 INFO o.a.j.t.JMeterThread: Stopping because end time detected by thread: Menu Access 1-25
2026-03-28 19:38:28,445 INFO o.a.j.t.JMeterThread: Thread finished: Menu Access 1-25
2026-03-28 19:38:28,446 INFO o.a.j.t.JMeterThread: Stopping because end time detected by thread: Menu Access 1-24
2026-03-28 19:38:28,446 INFO o.a.j.t.JMeterThread: Thread finished: Menu Access 1-24
2026-03-28 19:38:28,447 INFO o.a.j.t.JMeterThread: Stopping because end time detected by thread: Menu Access 1-96
2026-03-28 19:38:28,447 INFO o.a.j.t.JMeterThread: Stopping because end time detected by thread: Menu Access 1-66
2026-03-28 19:38:28,447 INFO o.a.j.t.JMeterThread: Stopping because end time detected by thread: Menu Access 1-12
2026-03-28 19:38:28,447 INFO o.a.j.t.JMeterThread: Thread finished: Menu Access 1-66
2026-03-28 19:38:28,447 INFO o.a.j.t.JMeterThread: Thread finished: Menu Access 1-96
2026-03-28 19:38:28,447 INFO o.a.j.t.JMeterThread: Thread finished: Menu Access 1-12
2026-03-28 19:38:28,447 INFO o.a.j.t.JMeterThread: Stopping because end time detected by thread: Menu Access 1-87
2026-03-28 19:38:28,448 INFO o.a.j.t.JMeterThread: Thread finished: Menu Access 1-87
2026-03-28 19:38:28,448 INFO o.a.j.t.JMeterThread: Stopping because end time detected by thread: Menu Access 1-88
2026-03-28 19:38:28,448 INFO o.a.j.t.JMeterThread: Thread finished: Menu Access 1-88
2026-03-28 19:38:28,449 INFO o.a.j.t.JMeterThread: Stopping because end time detected by thread: Menu Access 1-29
2026-03-28 19:38:28,449 INFO o.a.j.t.JMeterThread: Stopping because end time detected by thread: Menu Access 1-4
2026-03-28 19:38:28,449 INFO o.a.j.t.JMeterThread: Thread finished: Menu Access 1-29
2026-03-28 19:38:28,449 INFO o.a.j.t.JMeterThread: Thread finished: Menu Access 1-4
2026-03-28 19:38:28,449 INFO o.a.j.t.JMeterThread: Stopping because end time detected by thread: Menu Access 1-76
2026-03-28 19:38:28,450 INFO o.a.j.t.JMeterThread: Thread finished: Menu Access 1-76
2026-03-28 19:38:28,450 INFO o.a.j.t.JMeterThread: Stopping because end time detected by thread: Menu Access 1-68
2026-03-28 19:38:28,450 INFO o.a.j.t.JMeterThread: Stopping because end time detected by thread: Menu Access 1-3
2026-03-28 19:38:28,450 INFO o.a.j.t.JMeterThread: Thread finished: Menu Access 1-68
2026-03-28 19:38:28,450 INFO o.a.j.t.JMeterThread: Thread finished: Menu Access 1-3
2026-03-28 19:38:28,453 INFO o.a.j.t.JMeterThread: Stopping because end time detected by thread: Menu Access 1-34
2026-03-28 19:38:28,453 INFO o.a.j.t.JMeterThread: Stopping because end time detected by thread: Menu Access 1-7
2026-03-28 19:38:28,453 INFO o.a.j.t.JMeterThread: Thread finished: Menu Access 1-34
2026-03-28 19:38:28,453 INFO o.a.j.t.JMeterThread: Thread finished: Menu Access 1-7
2026-03-28 19:38:28,453 INFO o.a.j.t.JMeterThread: Stopping because end time detected by thread: Menu Access 1-98
2026-03-28 19:38:28,453 INFO o.a.j.t.JMeterThread: Thread finished: Menu Access 1-98
2026-03-28 19:38:28,454 INFO o.a.j.t.JMeterThread: Stopping because end time detected by thread: Menu Access 1-13
2026-03-28 19:38:28,454 INFO o.a.j.t.JMeterThread: Stopping because end time detected by thread: Menu Access 1-37
2026-03-28 19:38:28,454 INFO o.a.j.t.JMeterThread: Thread finished: Menu Access 1-37
2026-03-28 19:38:28,454 INFO o.a.j.t.JMeterThread: Thread finished: Menu Access 1-13
2026-03-28 19:38:28,454 INFO o.a.j.t.JMeterThread: Stopping because end time detected by thread: Menu Access 1-75
2026-03-28 19:38:28,455 INFO o.a.j.t.JMeterThread: Thread finished: Menu Access 1-75
2026-03-28 19:38:28,455 INFO o.a.j.t.JMeterThread: Stopping because end time detected by thread: Menu Access 1-64
2026-03-28 19:38:28,455 INFO o.a.j.t.JMeterThread: Stopping because end time detected by thread: Menu Access 1-42
2026-03-28 19:38:28,455 INFO o.a.j.t.JMeterThread: Stopping because end time detected by thread: Menu Access 1-27
2026-03-28 19:38:28,455 INFO o.a.j.t.JMeterThread: Thread finished: Menu Access 1-42
2026-03-28 19:38:28,455 INFO o.a.j.t.JMeterThread: Thread finished: Menu Access 1-27
2026-03-28 19:38:28,455 INFO o.a.j.t.JMeterThread: Thread finished: Menu Access 1-64
2026-03-28 19:38:28,456 INFO o.a.j.t.JMeterThread: Stopping because end time detected by thread: Menu Access 1-80
2026-03-28 19:38:28,456 INFO o.a.j.t.JMeterThread: Thread finished: Menu Access 1-80
2026-03-28 19:38:28,467 INFO o.a.j.t.JMeterThread: Stopping because end time detected by thread: Menu Access 1-81
2026-03-28 19:38:28,467 INFO o.a.j.t.JMeterThread: Thread finished: Menu Access 1-81
2026-03-28 19:38:28,467 INFO o.a.j.e.StandardJMeterEngine: Notifying test listeners of end of test
2026-03-28 19:38:28,467 INFO o.a.j.g.u.JMeterMenuBar: setRunning(false, *local*)
2026-03-28 19:40:37,464 INFO o.a.j.e.StandardJMeterEngine: Running the test!
2026-03-28 19:40:37,466 INFO o.a.j.s.SampleEvent: List of sample_variables: []
2026-03-28 19:40:37,467 INFO o.a.j.g.u.JMeterMenuBar: setRunning(true, *local*)
2026-03-28 19:40:37,519 INFO o.a.j.e.StandardJMeterEngine: Starting ThreadGroup: 1 : Menu Access
2026-03-28 19:40:37,519 INFO o.a.j.e.StandardJMeterEngine: Starting 100 threads for group Menu Access.
2026-03-28 19:40:37,519 INFO o.a.j.e.StandardJMeterEngine: Thread will continue on error
2026-03-28 19:40:37,519 INFO o.a.j.t.ThreadGroup: Starting thread group... number=1 threads=100 ramp-up=10 delayedStart=false
2026-03-28 19:40:37,520 INFO o.a.j.t.JMeterThread: Thread started: Menu Access 1-1
2026-03-28 19:40:37,533 INFO o.a.j.t.ThreadGroup: Started thread group number 1
2026-03-28 19:40:37,534 INFO o.a.j.e.StandardJMeterEngine: All thread groups have been started
2026-03-28 19:40:37,624 INFO o.a.j.t.JMeterThread: Thread started: Menu Access 1-2
2026-03-28 19:40:37,720 INFO o.a.j.t.JMeterThread: Thread started: Menu Access 1-3
2026-03-28 19:40:37,825 INFO o.a.j.t.JMeterThread: Thread started: Menu Access 1-4
2026-03-28 19:40:37,925 INFO o.a.j.t.JMeterThread: Thread started: Menu Access 1-5
2026-03-28 19:40:38,019 INFO o.a.j.t.JMeterThread: Thread started: Menu Access 1-6
2026-03-28 19:40:38,124 INFO o.a.j.t.JMeterThread: Thread started: Menu Access 1-7
2026-03-28 19:40:38,220 INFO o.a.j.t.JMeterThread: Thread started: Menu Access 1-8
2026-03-28 19:40:38,324 INFO o.a.j.t.JMeterThread: Thread started: Menu Access 1-9
2026-03-28 19:40:38,424 INFO o.a.j.t.JMeterThread: Thread started: Menu Access 1-10
2026-03-28 19:40:38,524 INFO o.a.j.t.JMeterThread: Thread started: Menu Access 1-11
2026-03-28 19:40:38,624 INFO o.a.j.t.JMeterThread: Thread started: Menu Access 1-12
2026-03-28 19:40:38,725 INFO o.a.j.t.JMeterThread: Thread started: Menu Access 1-13
2026-03-28 19:40:38,820 INFO o.a.j.t.JMeterThread: Thread started: Menu Access 1-14
2026-03-28 19:40:38,924 INFO o.a.j.t.JMeterThread: Thread started: Menu Access 1-15
2026-03-28 19:40:39,023 INFO o.a.j.t.JMeterThread: Thread started: Menu Access 1-16
2026-03-28 19:40:39,124 INFO o.a.j.t.JMeterThread: Thread started: Menu Access 1-17
2026-03-28 19:40:39,221 INFO o.a.j.t.JMeterThread: Thread started: Menu Access 1-18
2026-03-28 19:40:39,323 INFO o.a.j.t.JMeterThread: Thread started: Menu Access 1-19
2026-03-28 19:40:39,424 INFO o.a.j.t.JMeterThread: Thread started: Menu Access 1-20
2026-03-28 19:40:39,524 INFO o.a.j.t.JMeterThread: Thread started: Menu Access 1-21
2026-03-28 19:40:39,621 INFO o.a.j.t.JMeterThread: Thread started: Menu Access 1-22
2026-03-28 19:40:39,723 INFO o.a.j.t.JMeterThread: Thread started: Menu Access 1-23
2026-03-28 19:40:39,824 INFO o.a.j.t.JMeterThread: Thread started: Menu Access 1-24
2026-03-28 19:40:39,920 INFO o.a.j.t.JMeterThread: Thread started: Menu Access 1-25
2026-03-28 19:40:40,020 INFO o.a.j.t.JMeterThread: Thread started: Menu Access 1-26
2026-03-28 19:40:40,120 INFO o.a.j.t.JMeterThread: Thread started: Menu Access 1-27
2026-03-28 19:40:40,219 INFO o.a.j.t.JMeterThread: Thread started: Menu Access 1-28
2026-03-28 19:40:40,325 INFO o.a.j.t.JMeterThread: Thread started: Menu Access 1-29
2026-03-28 19:40:40,424 INFO o.a.j.t.JMeterThread: Thread started: Menu Access 1-30
2026-03-28 19:40:40,524 INFO o.a.j.t.JMeterThread: Thread started: Menu Access 1-31
2026-03-28 19:40:40,624 INFO o.a.j.t.JMeterThread: Thread started: Menu Access 1-32
2026-03-28 19:40:40,725 INFO o.a.j.t.JMeterThread: Thread started: Menu Access 1-33
2026-03-28 19:40:40,824 INFO o.a.j.t.JMeterThread: Thread started: Menu Access 1-34
2026-03-28 19:40:40,924 INFO o.a.j.t.JMeterThread: Thread started: Menu Access 1-35
2026-03-28 19:40:41,020 INFO o.a.j.t.JMeterThread: Thread started: Menu Access 1-36
2026-03-28 19:40:41,122 INFO o.a.j.t.JMeterThread: Thread started: Menu Access 1-37
2026-03-28 19:40:41,224 INFO o.a.j.t.JMeterThread: Thread started: Menu Access 1-38
2026-03-28 19:40:41,320 INFO o.a.j.t.JMeterThread: Thread started: Menu Access 1-39
2026-03-28 19:40:41,424 INFO o.a.j.t.JMeterThread: Thread started: Menu Access 1-40
2026-03-28 19:40:41,524 INFO o.a.j.t.JMeterThread: Thread started: Menu Access 1-41
2026-03-28 19:40:41,623 INFO o.a.j.t.JMeterThread: Thread started: Menu Access 1-42
2026-03-28 19:40:41,724 INFO o.a.j.t.JMeterThread: Thread started: Menu Access 1-43
2026-03-28 19:40:41,824 INFO o.a.j.t.JMeterThread: Thread started: Menu Access 1-44
2026-03-28 19:40:41,924 INFO o.a.j.t.JMeterThread: Thread started: Menu Access 1-45
2026-03-28 19:40:42,024 INFO o.a.j.t.JMeterThread: Thread started: Menu Access 1-46
2026-03-28 19:40:42,120 INFO o.a.j.t.JMeterThread: Thread started: Menu Access 1-47
2026-03-28 19:40:42,225 INFO o.a.j.t.JMeterThread: Thread started: Menu Access 1-48
2026-03-28 19:40:42,325 INFO o.a.j.t.JMeterThread: Thread started: Menu Access 1-49
2026-03-28 19:40:42,424 INFO o.a.j.t.JMeterThread: Thread started: Menu Access 1-50
2026-03-28 19:40:42,520 INFO o.a.j.t.JMeterThread: Thread started: Menu Access 1-51
2026-03-28 19:40:42,619 INFO o.a.j.t.JMeterThread: Thread started: Menu Access 1-52
2026-03-28 19:40:42,724 INFO o.a.j.t.JMeterThread: Thread started: Menu Access 1-53
2026-03-28 19:40:42,824 INFO o.a.j.t.JMeterThread: Thread started: Menu Access 1-54
2026-03-28 19:40:42,923 INFO o.a.j.t.JMeterThread: Thread started: Menu Access 1-55
2026-03-28 19:40:43,020 INFO o.a.j.t.JMeterThread: Thread started: Menu Access 1-56
2026-03-28 19:40:43,121 INFO o.a.j.t.JMeterThread: Thread started: Menu Access 1-57
2026-03-28 19:40:43,220 INFO o.a.j.t.JMeterThread: Thread started: Menu Access 1-58
2026-03-28 19:40:43,324 INFO o.a.j.t.JMeterThread: Thread started: Menu Access 1-59
2026-03-28 19:40:43,436 INFO o.a.j.t.JMeterThread: Thread started: Menu Access 1-60
2026-03-28 19:40:43,520 INFO o.a.j.t.JMeterThread: Thread started: Menu Access 1-61
2026-03-28 19:40:43,620 INFO o.a.j.t.JMeterThread: Thread started: Menu Access 1-62
2026-03-28 19:40:43,723 INFO o.a.j.t.JMeterThread: Thread started: Menu Access 1-63
2026-03-28 19:40:43,821 INFO o.a.j.t.JMeterThread: Thread started: Menu Access 1-64
2026-03-28 19:40:43,924 INFO o.a.j.t.JMeterThread: Thread started: Menu Access 1-65
2026-03-28 19:40:44,021 INFO o.a.j.t.JMeterThread: Thread started: Menu Access 1-66
2026-03-28 19:40:44,124 INFO o.a.j.t.JMeterThread: Thread started: Menu Access 1-67
2026-03-28 19:40:44,224 INFO o.a.j.t.JMeterThread: Thread started: Menu Access 1-68
2026-03-28 19:40:44,325 INFO o.a.j.t.JMeterThread: Thread started: Menu Access 1-69
2026-03-28 19:40:44,425 INFO o.a.j.t.JMeterThread: Thread started: Menu Access 1-70
2026-03-28 19:40:44,524 INFO o.a.j.t.JMeterThread: Thread started: Menu Access 1-71
2026-03-28 19:40:44,624 INFO o.a.j.t.JMeterThread: Thread started: Menu Access 1-72
2026-03-28 19:40:44,724 INFO o.a.j.t.JMeterThread: Thread started: Menu Access 1-73
2026-03-28 19:40:44,824 INFO o.a.j.t.JMeterThread: Thread started: Menu Access 1-74
2026-03-28 19:40:44,924 INFO o.a.j.t.JMeterThread: Thread started: Menu Access 1-75
2026-03-28 19:40:45,020 INFO o.a.j.t.JMeterThread: Thread started: Menu Access 1-76
2026-03-28 19:40:45,124 INFO o.a.j.t.JMeterThread: Thread started: Menu Access 1-77
2026-03-28 19:40:45,224 INFO o.a.j.t.JMeterThread: Thread started: Menu Access 1-78
2026-03-28 19:40:45,324 INFO o.a.j.t.JMeterThread: Thread started: Menu Access 1-79
2026-03-28 19:40:45,424 INFO o.a.j.t.JMeterThread: Thread started: Menu Access 1-80
2026-03-28 19:40:45,525 INFO o.a.j.t.JMeterThread: Thread started: Menu Access 1-81
2026-03-28 19:40:45,620 INFO o.a.j.t.JMeterThread: Thread started: Menu Access 1-82
2026-03-28 19:40:45,724 INFO o.a.j.t.JMeterThread: Thread started: Menu Access 1-83
2026-03-28 19:40:45,824 INFO o.a.j.t.JMeterThread: Thread started: Menu Access 1-84
2026-03-28 19:40:45,924 INFO o.a.j.t.JMeterThread: Thread started: Menu Access 1-85
2026-03-28 19:40:46,022 INFO o.a.j.t.JMeterThread: Thread started: Menu Access 1-86
2026-03-28 19:40:46,121 INFO o.a.j.t.JMeterThread: Thread started: Menu Access 1-87
2026-03-28 19:40:46,224 INFO o.a.j.t.JMeterThread: Thread started: Menu Access 1-88
2026-03-28 19:40:46,324 INFO o.a.j.t.JMeterThread: Thread started: Menu Access 1-89
2026-03-28 19:40:46,421 INFO o.a.j.t.JMeterThread: Thread started: Menu Access 1-90
2026-03-28 19:40:46,524 INFO o.a.j.t.JMeterThread: Thread started: Menu Access 1-91
2026-03-28 19:40:46,621 INFO o.a.j.t.JMeterThread: Thread started: Menu Access 1-92
2026-03-28 19:40:46,724 INFO o.a.j.t.JMeterThread: Thread started: Menu Access 1-93
2026-03-28 19:40:46,821 INFO o.a.j.t.JMeterThread: Thread started: Menu Access 1-94
2026-03-28 19:40:46,924 INFO o.a.j.t.JMeterThread: Thread started: Menu Access 1-95
2026-03-28 19:40:47,024 INFO o.a.j.t.JMeterThread: Thread started: Menu Access 1-96
2026-03-28 19:40:47,125 INFO o.a.j.t.JMeterThread: Thread started: Menu Access 1-97
2026-03-28 19:40:47,222 INFO o.a.j.t.JMeterThread: Thread started: Menu Access 1-98
2026-03-28 19:40:47,324 INFO o.a.j.t.JMeterThread: Thread started: Menu Access 1-99
2026-03-28 19:40:47,422 INFO o.a.j.t.JMeterThread: Thread started: Menu Access 1-100
2026-03-28 19:41:37,558 INFO o.a.j.t.JMeterThread: Stopping because end time detected by thread: Menu Access 1-14
2026-03-28 19:41:37,559 INFO o.a.j.t.JMeterThread: Thread finished: Menu Access 1-14
2026-03-28 19:41:37,561 INFO o.a.j.t.JMeterThread: Stopping because end time detected by thread: Menu Access 1-86
2026-03-28 19:41:37,561 INFO o.a.j.t.JMeterThread: Thread finished: Menu Access 1-86
2026-03-28 19:41:37,564 INFO o.a.j.t.JMeterThread: Stopping because end time detected by thread: Menu Access 1-4
2026-03-28 19:41:37,564 INFO o.a.j.t.JMeterThread: Thread finished: Menu Access 1-4
2026-03-28 19:41:37,564 INFO o.a.j.t.JMeterThread: Stopping because end time detected by thread: Menu Access 1-32
2026-03-28 19:41:37,565 INFO o.a.j.t.JMeterThread: Thread finished: Menu Access 1-32
2026-03-28 19:41:37,570 INFO o.a.j.t.JMeterThread: Stopping because end time detected by thread: Menu Access 1-15
2026-03-28 19:41:37,570 INFO o.a.j.t.JMeterThread: Stopping because end time detected by thread: Menu Access 1-12
2026-03-28 19:41:37,570 INFO o.a.j.t.JMeterThread: Thread finished: Menu Access 1-15
2026-03-28 19:41:37,570 INFO o.a.j.t.JMeterThread: Thread finished: Menu Access 1-12
2026-03-28 19:41:37,571 INFO o.a.j.t.JMeterThread: Stopping because end time detected by thread: Menu Access 1-99
2026-03-28 19:41:37,571 INFO o.a.j.t.JMeterThread: Thread finished: Menu Access 1-99
2026-03-28 19:41:37,571 INFO o.a.j.t.JMeterThread: Stopping because end time detected by thread: Menu Access 1-78
2026-03-28 19:41:37,571 INFO o.a.j.t.JMeterThread: Thread finished: Menu Access 1-78
2026-03-28 19:41:37,575 INFO o.a.j.t.JMeterThread: Stopping because end time detected by thread: Menu Access 1-35
2026-03-28 19:41:37,575 INFO o.a.j.t.JMeterThread: Thread finished: Menu Access 1-35
2026-03-28 19:41:37,575 INFO o.a.j.t.JMeterThread: Stopping because end time detected by thread: Menu Access 1-38
2026-03-28 19:41:37,575 INFO o.a.j.t.JMeterThread: Stopping because end time detected by thread: Menu Access 1-55
2026-03-28 19:41:37,575 INFO o.a.j.t.JMeterThread: Thread finished: Menu Access 1-38
2026-03-28 19:41:37,575 INFO o.a.j.t.JMeterThread: Thread finished: Menu Access 1-55
2026-03-28 19:41:37,582 INFO o.a.j.t.JMeterThread: Stopping because end time detected by thread: Menu Access 1-27
2026-03-28 19:41:37,582 INFO o.a.j.t.JMeterThread: Thread finished: Menu Access 1-27
2026-03-28 19:41:37,584 INFO o.a.j.t.JMeterThread: Stopping because end time detected by thread: Menu Access 1-83
2026-03-28 19:41:37,584 INFO o.a.j.t.JMeterThread: Thread finished: Menu Access 1-83
2026-03-28 19:41:37,632 INFO o.a.j.t.JMeterThread: Stopping because end time detected by thread: Menu Access 1-2
2026-03-28 19:41:37,633 INFO o.a.j.t.JMeterThread: Thread finished: Menu Access 1-2
2026-03-28 19:41:37,635 INFO o.a.j.t.JMeterThread: Stopping because end time detected by thread: Menu Access 1-25
2026-03-28 19:41:37,635 INFO o.a.j.t.JMeterThread: Stopping because end time detected by thread: Menu Access 1-43
2026-03-28 19:41:37,635 INFO o.a.j.t.JMeterThread: Thread finished: Menu Access 1-25
2026-03-28 19:41:37,635 INFO o.a.j.t.JMeterThread: Thread finished: Menu Access 1-43
2026-03-28 19:41:37,649 INFO o.a.j.t.JMeterThread: Stopping because end time detected by thread: Menu Access 1-76
2026-03-28 19:41:37,649 INFO o.a.j.t.JMeterThread: Thread finished: Menu Access 1-76
2026-03-28 19:41:37,650 INFO o.a.j.t.JMeterThread: Stopping because end time detected by thread: Menu Access 1-96
2026-03-28 19:41:37,650 INFO o.a.j.t.JMeterThread: Stopping because end time detected by thread: Menu Access 1-60
2026-03-28 19:41:37,650 INFO o.a.j.t.JMeterThread: Thread finished: Menu Access 1-96
2026-03-28 19:41:37,650 INFO o.a.j.t.JMeterThread: Thread finished: Menu Access 1-60
2026-03-28 19:41:37,651 INFO o.a.j.t.JMeterThread: Stopping because end time detected by thread: Menu Access 1-33
2026-03-28 19:41:37,651 INFO o.a.j.t.JMeterThread: Stopping because end time detected by thread: Menu Access 1-61
2026-03-28 19:41:37,651 INFO o.a.j.t.JMeterThread: Thread finished: Menu Access 1-61
2026-03-28 19:41:37,651 INFO o.a.j.t.JMeterThread: Thread finished: Menu Access 1-33
2026-03-28 19:41:37,660 INFO o.a.j.t.JMeterThread: Stopping because end time detected by thread: Menu Access 1-53
2026-03-28 19:41:37,660 INFO o.a.j.t.JMeterThread: Stopping because end time detected by thread: Menu Access 1-37
2026-03-28 19:41:37,660 INFO o.a.j.t.JMeterThread: Stopping because end time detected by thread: Menu Access 1-79
2026-03-28 19:41:37,660 INFO o.a.j.t.JMeterThread: Thread finished: Menu Access 1-53
2026-03-28 19:41:37,660 INFO o.a.j.t.JMeterThread: Thread finished: Menu Access 1-79
2026-03-28 19:41:37,660 INFO o.a.j.t.JMeterThread: Thread finished: Menu Access 1-37
2026-03-28 19:41:37,661 INFO o.a.j.t.JMeterThread: Stopping because end time detected by thread: Menu Access 1-23
2026-03-28 19:41:37,661 INFO o.a.j.t.JMeterThread: Thread finished: Menu Access 1-23
2026-03-28 19:41:37,661 INFO o.a.j.t.JMeterThread: Stopping because end time detected by thread: Menu Access 1-20
2026-03-28 19:41:37,661 INFO o.a.j.t.JMeterThread: Stopping because end time detected by thread: Menu Access 1-48
2026-03-28 19:41:37,661 INFO o.a.j.t.JMeterThread: Stopping because end time detected by thread: Menu Access 1-65
2026-03-28 19:41:37,661 INFO o.a.j.t.JMeterThread: Thread finished: Menu Access 1-20
2026-03-28 19:41:37,661 INFO o.a.j.t.JMeterThread: Thread finished: Menu Access 1-48
2026-03-28 19:41:37,661 INFO o.a.j.t.JMeterThread: Thread finished: Menu Access 1-65
2026-03-28 19:41:37,661 INFO o.a.j.t.JMeterThread: Stopping because end time detected by thread: Menu Access 1-45
2026-03-28 19:41:37,661 INFO o.a.j.t.JMeterThread: Stopping because end time detected by thread: Menu Access 1-9
2026-03-28 19:41:37,662 INFO o.a.j.t.JMeterThread: Stopping because end time detected by thread: Menu Access 1-50
2026-03-28 19:41:37,661 INFO o.a.j.t.JMeterThread: Thread finished: Menu Access 1-45
2026-03-28 19:41:37,662 INFO o.a.j.t.JMeterThread: Thread finished: Menu Access 1-9
2026-03-28 19:41:37,662 INFO o.a.j.t.JMeterThread: Thread finished: Menu Access 1-50
2026-03-28 19:41:37,662 INFO o.a.j.t.JMeterThread: Stopping because end time detected by thread: Menu Access 1-66
2026-03-28 19:41:37,662 INFO o.a.j.t.JMeterThread: Thread finished: Menu Access 1-66
2026-03-28 19:41:37,663 INFO o.a.j.t.JMeterThread: Stopping because end time detected by thread: Menu Access 1-28
2026-03-28 19:41:37,663 INFO o.a.j.t.JMeterThread: Thread finished: Menu Access 1-28
2026-03-28 19:41:37,665 INFO o.a.j.t.JMeterThread: Stopping because end time detected by thread: Menu Access 1-88
2026-03-28 19:41:37,665 INFO o.a.j.t.JMeterThread: Thread finished: Menu Access 1-88
2026-03-28 19:41:37,665 INFO o.a.j.t.JMeterThread: Stopping because end time detected by thread: Menu Access 1-71
2026-03-28 19:41:37,665 INFO o.a.j.t.JMeterThread: Stopping because end time detected by thread: Menu Access 1-68
2026-03-28 19:41:37,665 INFO o.a.j.t.JMeterThread: Thread finished: Menu Access 1-68
2026-03-28 19:41:37,665 INFO o.a.j.t.JMeterThread: Thread finished: Menu Access 1-71
2026-03-28 19:41:37,665 INFO o.a.j.t.JMeterThread: Stopping because end time detected by thread: Menu Access 1-91
2026-03-28 19:41:37,665 INFO o.a.j.t.JMeterThread: Thread finished: Menu Access 1-91
2026-03-28 19:41:37,666 INFO o.a.j.t.JMeterThread: Stopping because end time detected by thread: Menu Access 1-5
2026-03-28 19:41:37,666 INFO o.a.j.t.JMeterThread: Thread finished: Menu Access 1-5
2026-03-28 19:41:37,689 INFO o.a.j.t.JMeterThread: Stopping because end time detected by thread: Menu Access 1-22
2026-03-28 19:41:37,689 INFO o.a.j.t.JMeterThread: Thread finished: Menu Access 1-22
2026-03-28 19:41:37,697 INFO o.a.j.t.JMeterThread: Stopping because end time detected by thread: Menu Access 1-7
2026-03-28 19:41:37,698 INFO o.a.j.t.JMeterThread: Thread finished: Menu Access 1-7
2026-03-28 19:41:37,699 INFO o.a.j.t.JMeterThread: Stopping because end time detected by thread: Menu Access 1-18
2026-03-28 19:41:37,699 INFO o.a.j.t.JMeterThread: Thread finished: Menu Access 1-18
2026-03-28 19:41:37,701 INFO o.a.j.t.JMeterThread: Stopping because end time detected by thread: Menu Access 1-89
2026-03-28 19:41:37,701 INFO o.a.j.t.JMeterThread: Thread finished: Menu Access 1-89
2026-03-28 19:41:37,702 INFO o.a.j.t.JMeterThread: Stopping because end time detected by thread: Menu Access 1-49
2026-03-28 19:41:37,703 INFO o.a.j.t.JMeterThread: Thread finished: Menu Access 1-49
2026-03-28 19:41:37,703 INFO o.a.j.t.JMeterThread: Stopping because end time detected by thread: Menu Access 1-87
2026-03-28 19:41:37,703 INFO o.a.j.t.JMeterThread: Thread finished: Menu Access 1-87
2026-03-28 19:41:37,705 INFO o.a.j.t.JMeterThread: Stopping because end time detected by thread: Menu Access 1-8
2026-03-28 19:41:37,705 INFO o.a.j.t.JMeterThread: Thread finished: Menu Access 1-8
2026-03-28 19:41:37,707 INFO o.a.j.t.JMeterThread: Stopping because end time detected by thread: Menu Access 1-58
2026-03-28 19:41:37,707 INFO o.a.j.t.JMeterThread: Thread finished: Menu Access 1-58
2026-03-28 19:41:37,707 INFO o.a.j.t.JMeterThread: Stopping because end time detected by thread: Menu Access 1-10
2026-03-28 19:41:37,707 INFO o.a.j.t.JMeterThread: Thread finished: Menu Access 1-10
2026-03-28 19:41:37,709 INFO o.a.j.t.JMeterThread: Stopping because end time detected by thread: Menu Access 1-13
2026-03-28 19:41:37,709 INFO o.a.j.t.JMeterThread: Stopping because end time detected by thread: Menu Access 1-21
2026-03-28 19:41:37,709 INFO o.a.j.t.JMeterThread: Thread finished: Menu Access 1-21
2026-03-28 19:41:37,709 INFO o.a.j.t.JMeterThread: Thread finished: Menu Access 1-13
2026-03-28 19:41:37,710 INFO o.a.j.t.JMeterThread: Stopping because end time detected by thread: Menu Access 1-72
2026-03-28 19:41:37,710 INFO o.a.j.t.JMeterThread: Stopping because end time detected by thread: Menu Access 1-51
2026-03-28 19:41:37,710 INFO o.a.j.t.JMeterThread: Thread finished: Menu Access 1-72
2026-03-28 19:41:37,710 INFO o.a.j.t.JMeterThread: Thread finished: Menu Access 1-51
2026-03-28 19:41:37,714 INFO o.a.j.t.JMeterThread: Stopping because end time detected by thread: Menu Access 1-54
2026-03-28 19:41:37,714 INFO o.a.j.t.JMeterThread: Thread finished: Menu Access 1-54
2026-03-28 19:41:37,715 INFO o.a.j.t.JMeterThread: Stopping because end time detected by thread: Menu Access 1-30
2026-03-28 19:41:37,715 INFO o.a.j.t.JMeterThread: Thread finished: Menu Access 1-30
2026-03-28 19:41:37,715 INFO o.a.j.t.JMeterThread: Stopping because end time detected by thread: Menu Access 1-46
2026-03-28 19:41:37,715 INFO o.a.j.t.JMeterThread: Thread finished: Menu Access 1-46
2026-03-28 19:41:37,716 INFO o.a.j.t.JMeterThread: Stopping because end time detected by thread: Menu Access 1-63
2026-03-28 19:41:37,716 INFO o.a.j.t.JMeterThread: Thread finished: Menu Access 1-63
2026-03-28 19:41:37,716 INFO o.a.j.t.JMeterThread: Stopping because end time detected by thread: Menu Access 1-47
2026-03-28 19:41:37,716 INFO o.a.j.t.JMeterThread: Thread finished: Menu Access 1-47
2026-03-28 19:41:37,717 INFO o.a.j.t.JMeterThread: Stopping because end time detected by thread: Menu Access 1-41
2026-03-28 19:41:37,717 INFO o.a.j.t.JMeterThread: Thread finished: Menu Access 1-41
2026-03-28 19:41:37,718 INFO o.a.j.t.JMeterThread: Stopping because end time detected by thread: Menu Access 1-81
2026-03-28 19:41:37,718 INFO o.a.j.t.JMeterThread: Thread finished: Menu Access 1-81
2026-03-28 19:41:37,718 INFO o.a.j.t.JMeterThread: Stopping because end time detected by thread: Menu Access 1-84
2026-03-28 19:41:37,718 INFO o.a.j.t.JMeterThread: Thread finished: Menu Access 1-84
2026-03-28 19:41:37,718 INFO o.a.j.t.JMeterThread: Stopping because end time detected by thread: Menu Access 1-73
2026-03-28 19:41:37,718 INFO o.a.j.t.JMeterThread: Thread finished: Menu Access 1-73
2026-03-28 19:41:37,719 INFO o.a.j.t.JMeterThread: Stopping because end time detected by thread: Menu Access 1-3
2026-03-28 19:41:37,719 INFO o.a.j.t.JMeterThread: Thread finished: Menu Access 1-3
2026-03-28 19:41:37,719 INFO o.a.j.t.JMeterThread: Stopping because end time detected by thread: Menu Access 1-62
2026-03-28 19:41:37,719 INFO o.a.j.t.JMeterThread: Stopping because end time detected by thread: Menu Access 1-97
2026-03-28 19:41:37,719 INFO o.a.j.t.JMeterThread: Thread finished: Menu Access 1-62
2026-03-28 19:41:37,719 INFO o.a.j.t.JMeterThread: Stopping because end time detected by thread: Menu Access 1-59
2026-03-28 19:41:37,719 INFO o.a.j.t.JMeterThread: Stopping because end time detected by thread: Menu Access 1-36
2026-03-28 19:41:37,719 INFO o.a.j.t.JMeterThread: Thread finished: Menu Access 1-36
2026-03-28 19:41:37,719 INFO o.a.j.t.JMeterThread: Thread finished: Menu Access 1-97
2026-03-28 19:41:37,719 INFO o.a.j.t.JMeterThread: Thread finished: Menu Access 1-59
2026-03-28 19:41:37,719 INFO o.a.j.t.JMeterThread: Stopping because end time detected by thread: Menu Access 1-1
2026-03-28 19:41:37,719 INFO o.a.j.t.JMeterThread: Thread finished: Menu Access 1-1
2026-03-28 19:41:37,719 INFO o.a.j.t.JMeterThread: Stopping because end time detected by thread: Menu Access 1-77
2026-03-28 19:41:37,719 INFO o.a.j.t.JMeterThread: Thread finished: Menu Access 1-77
2026-03-28 19:41:37,719 INFO o.a.j.t.JMeterThread: Stopping because end time detected by thread: Menu Access 1-94
2026-03-28 19:41:37,719 INFO o.a.j.t.JMeterThread: Thread finished: Menu Access 1-94
2026-03-28 19:41:37,720 INFO o.a.j.t.JMeterThread: Stopping because end time detected by thread: Menu Access 1-56
2026-03-28 19:41:37,720 INFO o.a.j.t.JMeterThread: Stopping because end time detected by thread: Menu Access 1-74
2026-03-28 19:41:37,720 INFO o.a.j.t.JMeterThread: Thread finished: Menu Access 1-56
2026-03-28 19:41:37,720 INFO o.a.j.t.JMeterThread: Thread finished: Menu Access 1-74
2026-03-28 19:41:37,720 INFO o.a.j.t.JMeterThread: Stopping because end time detected by thread: Menu Access 1-85
2026-03-28 19:41:37,720 INFO o.a.j.t.JMeterThread: Thread finished: Menu Access 1-85
2026-03-28 19:41:37,720 INFO o.a.j.t.JMeterThread: Stopping because end time detected by thread: Menu Access 1-26
2026-03-28 19:41:37,720 INFO o.a.j.t.JMeterThread: Thread finished: Menu Access 1-26
2026-03-28 19:41:37,725 INFO o.a.j.t.JMeterThread: Stopping because end time detected by thread: Menu Access 1-17
2026-03-28 19:41:37,725 INFO o.a.j.t.JMeterThread: Thread finished: Menu Access 1-17
2026-03-28 19:41:37,729 INFO o.a.j.t.JMeterThread: Stopping because end time detected by thread: Menu Access 1-44
2026-03-28 19:41:37,729 INFO o.a.j.t.JMeterThread: Stopping because end time detected by thread: Menu Access 1-31
2026-03-28 19:41:37,729 INFO o.a.j.t.JMeterThread: Stopping because end time detected by thread: Menu Access 1-52
2026-03-28 19:41:37,729 INFO o.a.j.t.JMeterThread: Stopping because end time detected by thread: Menu Access 1-100
2026-03-28 19:41:37,729 INFO o.a.j.t.JMeterThread: Thread finished: Menu Access 1-31
2026-03-28 19:41:37,729 INFO o.a.j.t.JMeterThread: Stopping because end time detected by thread: Menu Access 1-80
2026-03-28 19:41:37,729 INFO o.a.j.t.JMeterThread: Thread finished: Menu Access 1-80
2026-03-28 19:41:37,729 INFO o.a.j.t.JMeterThread: Thread finished: Menu Access 1-52
2026-03-28 19:41:37,729 INFO o.a.j.t.JMeterThread: Stopping because end time detected by thread: Menu Access 1-64
2026-03-28 19:41:37,729 INFO o.a.j.t.JMeterThread: Stopping because end time detected by thread: Menu Access 1-40
2026-03-28 19:41:37,729 INFO o.a.j.t.JMeterThread: Thread finished: Menu Access 1-40
2026-03-28 19:41:37,729 INFO o.a.j.t.JMeterThread: Thread finished: Menu Access 1-44
2026-03-28 19:41:37,729 INFO o.a.j.t.JMeterThread: Stopping because end time detected by thread: Menu Access 1-69
2026-03-28 19:41:37,729 INFO o.a.j.t.JMeterThread: Thread finished: Menu Access 1-69
2026-03-28 19:41:37,729 INFO o.a.j.t.JMeterThread: Thread finished: Menu Access 1-100
2026-03-28 19:41:37,729 INFO o.a.j.t.JMeterThread: Stopping because end time detected by thread: Menu Access 1-16
2026-03-28 19:41:37,729 INFO o.a.j.t.JMeterThread: Thread finished: Menu Access 1-64
2026-03-28 19:41:37,729 INFO o.a.j.t.JMeterThread: Thread finished: Menu Access 1-16
2026-03-28 19:41:37,730 INFO o.a.j.t.JMeterThread: Stopping because end time detected by thread: Menu Access 1-29
2026-03-28 19:41:37,730 INFO o.a.j.t.JMeterThread: Thread finished: Menu Access 1-29
2026-03-28 19:41:37,730 INFO o.a.j.t.JMeterThread: Stopping because end time detected by thread: Menu Access 1-92
2026-03-28 19:41:37,730 INFO o.a.j.t.JMeterThread: Thread finished: Menu Access 1-92
2026-03-28 19:41:37,730 INFO o.a.j.t.JMeterThread: Stopping because end time detected by thread: Menu Access 1-82
2026-03-28 19:41:37,730 INFO o.a.j.t.JMeterThread: Thread finished: Menu Access 1-82
2026-03-28 19:41:37,731 INFO o.a.j.t.JMeterThread: Stopping because end time detected by thread: Menu Access 1-39
2026-03-28 19:41:37,731 INFO o.a.j.t.JMeterThread: Thread finished: Menu Access 1-39
2026-03-28 19:41:37,731 INFO o.a.j.t.JMeterThread: Stopping because end time detected by thread: Menu Access 1-98
2026-03-28 19:41:37,731 INFO o.a.j.t.JMeterThread: Stopping because end time detected by thread: Menu Access 1-42
2026-03-28 19:41:37,731 INFO o.a.j.t.JMeterThread: Thread finished: Menu Access 1-98
2026-03-28 19:41:37,731 INFO o.a.j.t.JMeterThread: Thread finished: Menu Access 1-42
2026-03-28 19:41:37,732 INFO o.a.j.t.JMeterThread: Stopping because end time detected by thread: Menu Access 1-67
2026-03-28 19:41:37,732 INFO o.a.j.t.JMeterThread: Stopping because end time detected by thread: Menu Access 1-90
2026-03-28 19:41:37,732 INFO o.a.j.t.JMeterThread: Thread finished: Menu Access 1-90
2026-03-28 19:41:37,732 INFO o.a.j.t.JMeterThread: Thread finished: Menu Access 1-67
2026-03-28 19:41:37,762 INFO o.a.j.t.JMeterThread: Stopping because end time detected by thread: Menu Access 1-6
2026-03-28 19:41:37,762 INFO o.a.j.t.JMeterThread: Thread finished: Menu Access 1-6
2026-03-28 19:41:37,762 INFO o.a.j.t.JMeterThread: Stopping because end time detected by thread: Menu Access 1-70
2026-03-28 19:41:37,762 INFO o.a.j.t.JMeterThread: Thread finished: Menu Access 1-70
2026-03-28 19:41:37,764 INFO o.a.j.t.JMeterThread: Stopping because end time detected by thread: Menu Access 1-19
2026-03-28 19:41:37,764 INFO o.a.j.t.JMeterThread: Thread finished: Menu Access 1-19
2026-03-28 19:41:37,764 INFO o.a.j.t.JMeterThread: Stopping because end time detected by thread: Menu Access 1-11
2026-03-28 19:41:37,764 INFO o.a.j.t.JMeterThread: Thread finished: Menu Access 1-11
2026-03-28 19:41:37,765 INFO o.a.j.t.JMeterThread: Stopping because end time detected by thread: Menu Access 1-75
2026-03-28 19:41:37,765 INFO o.a.j.t.JMeterThread: Thread finished: Menu Access 1-75
2026-03-28 19:41:37,765 INFO o.a.j.t.JMeterThread: Stopping because end time detected by thread: Menu Access 1-95
2026-03-28 19:41:37,765 INFO o.a.j.t.JMeterThread: Thread finished: Menu Access 1-95
2026-03-28 19:41:37,765 INFO o.a.j.t.JMeterThread: Stopping because end time detected by thread: Menu Access 1-57
2026-03-28 19:41:37,765 INFO o.a.j.t.JMeterThread: Thread finished: Menu Access 1-57
2026-03-28 19:41:37,766 INFO o.a.j.t.JMeterThread: Stopping because end time detected by thread: Menu Access 1-34
2026-03-28 19:41:37,766 INFO o.a.j.t.JMeterThread: Thread finished: Menu Access 1-34
2026-03-28 19:41:37,766 INFO o.a.j.t.JMeterThread: Stopping because end time detected by thread: Menu Access 1-24
2026-03-28 19:41:37,766 INFO o.a.j.t.JMeterThread: Thread finished: Menu Access 1-24
2026-03-28 19:41:37,774 INFO o.a.j.t.JMeterThread: Stopping because end time detected by thread: Menu Access 1-93
2026-03-28 19:41:37,774 INFO o.a.j.t.JMeterThread: Thread finished: Menu Access 1-93
2026-03-28 19:41:37,774 INFO o.a.j.e.StandardJMeterEngine: Notifying test listeners of end of test
2026-03-28 19:41:37,775 INFO o.a.j.g.u.JMeterMenuBar: setRunning(false, *local*)
2026-03-28 19:42:37,715 INFO o.a.j.e.StandardJMeterEngine: Running the test!
2026-03-28 19:42:37,716 INFO o.a.j.s.SampleEvent: List of sample_variables: []
2026-03-28 19:42:37,717 INFO o.a.j.g.u.JMeterMenuBar: setRunning(true, *local*)
2026-03-28 19:42:37,756 INFO o.a.j.e.StandardJMeterEngine: Starting ThreadGroup: 1 : Menu Access
2026-03-28 19:42:37,756 INFO o.a.j.e.StandardJMeterEngine: Starting 100 threads for group Menu Access.
2026-03-28 19:42:37,756 INFO o.a.j.e.StandardJMeterEngine: Thread will continue on error
2026-03-28 19:42:37,756 INFO o.a.j.t.ThreadGroup: Starting thread group... number=1 threads=100 ramp-up=10 delayedStart=false
2026-03-28 19:42:37,757 INFO o.a.j.t.JMeterThread: Thread started: Menu Access 1-1
2026-03-28 19:42:37,771 INFO o.a.j.t.ThreadGroup: Started thread group number 1
2026-03-28 19:42:37,771 INFO o.a.j.e.StandardJMeterEngine: All thread groups have been started
2026-03-28 19:42:37,861 INFO o.a.j.t.JMeterThread: Thread started: Menu Access 1-2
2026-03-28 19:42:37,957 INFO o.a.j.t.JMeterThread: Thread started: Menu Access 1-3
2026-03-28 19:42:38,057 INFO o.a.j.t.JMeterThread: Thread started: Menu Access 1-4
2026-03-28 19:42:38,162 INFO o.a.j.t.JMeterThread: Thread started: Menu Access 1-5
2026-03-28 19:42:38,261 INFO o.a.j.t.JMeterThread: Thread started: Menu Access 1-6
2026-03-28 19:42:38,362 INFO o.a.j.t.JMeterThread: Thread started: Menu Access 1-7
2026-03-28 19:42:38,461 INFO o.a.j.t.JMeterThread: Thread started: Menu Access 1-8
2026-03-28 19:42:38,561 INFO o.a.j.t.JMeterThread: Thread started: Menu Access 1-9
2026-03-28 19:42:38,662 INFO o.a.j.t.JMeterThread: Thread started: Menu Access 1-10
2026-03-28 19:42:38,762 INFO o.a.j.t.JMeterThread: Thread started: Menu Access 1-11
2026-03-28 19:42:38,858 INFO o.a.j.t.JMeterThread: Thread started: Menu Access 1-12
2026-03-28 19:42:38,959 INFO o.a.j.t.JMeterThread: Thread started: Menu Access 1-13
2026-03-28 19:42:39,061 INFO o.a.j.t.JMeterThread: Thread started: Menu Access 1-14
2026-03-28 19:42:39,157 INFO o.a.j.t.JMeterThread: Thread started: Menu Access 1-15
2026-03-28 19:42:39,261 INFO o.a.j.t.JMeterThread: Thread started: Menu Access 1-16
2026-03-28 19:42:39,361 INFO o.a.j.t.JMeterThread: Thread started: Menu Access 1-17
2026-03-28 19:42:39,461 INFO o.a.j.t.JMeterThread: Thread started: Menu Access 1-18
2026-03-28 19:42:39,558 INFO o.a.j.t.JMeterThread: Thread started: Menu Access 1-19
2026-03-28 19:42:39,660 INFO o.a.j.t.JMeterThread: Thread started: Menu Access 1-20
2026-03-28 19:42:39,764 INFO o.a.j.t.JMeterThread: Thread started: Menu Access 1-21
2026-03-28 19:42:39,861 INFO o.a.j.t.JMeterThread: Thread started: Menu Access 1-22
2026-03-28 19:42:39,960 INFO o.a.j.t.JMeterThread: Thread started: Menu Access 1-23
2026-03-28 19:42:40,061 INFO o.a.j.t.JMeterThread: Thread started: Menu Access 1-24
2026-03-28 19:42:40,159 INFO o.a.j.t.JMeterThread: Thread started: Menu Access 1-25
2026-03-28 19:42:40,261 INFO o.a.j.t.JMeterThread: Thread started: Menu Access 1-26
2026-03-28 19:42:40,361 INFO o.a.j.t.JMeterThread: Thread started: Menu Access 1-27
2026-03-28 19:42:40,461 INFO o.a.j.t.JMeterThread: Thread started: Menu Access 1-28
2026-03-28 19:42:40,561 INFO o.a.j.t.JMeterThread: Thread started: Menu Access 1-29
2026-03-28 19:42:40,657 INFO o.a.j.t.JMeterThread: Thread started: Menu Access 1-30
2026-03-28 19:42:40,761 INFO o.a.j.t.JMeterThread: Thread started: Menu Access 1-31
2026-03-28 19:42:40,861 INFO o.a.j.t.JMeterThread: Thread started: Menu Access 1-32
2026-03-28 19:42:40,962 INFO o.a.j.t.JMeterThread: Thread started: Menu Access 1-33
2026-03-28 19:42:41,061 INFO o.a.j.t.JMeterThread: Thread started: Menu Access 1-34
2026-03-28 19:42:41,161 INFO o.a.j.t.JMeterThread: Thread started: Menu Access 1-35
2026-03-28 19:42:41,257 INFO o.a.j.t.JMeterThread: Thread started: Menu Access 1-36
2026-03-28 19:42:41,361 INFO o.a.j.t.JMeterThread: Thread started: Menu Access 1-37
2026-03-28 19:42:41,461 INFO o.a.j.t.JMeterThread: Thread started: Menu Access 1-38
2026-03-28 19:42:41,561 INFO o.a.j.t.JMeterThread: Thread started: Menu Access 1-39
2026-03-28 19:42:41,660 INFO o.a.j.t.JMeterThread: Thread started: Menu Access 1-40
2026-03-28 19:42:41,763 INFO o.a.j.t.JMeterThread: Thread started: Menu Access 1-41
2026-03-28 19:42:41,861 INFO o.a.j.t.JMeterThread: Thread started: Menu Access 1-42
2026-03-28 19:42:41,961 INFO o.a.j.t.JMeterThread: Thread started: Menu Access 1-43
2026-03-28 19:42:42,061 INFO o.a.j.t.JMeterThread: Thread started: Menu Access 1-44
2026-03-28 19:42:42,157 INFO o.a.j.t.JMeterThread: Thread started: Menu Access 1-45
2026-03-28 19:42:42,261 INFO o.a.j.t.JMeterThread: Thread started: Menu Access 1-46
2026-03-28 19:42:42,361 INFO o.a.j.t.JMeterThread: Thread started: Menu Access 1-47
2026-03-28 19:42:42,459 INFO o.a.j.t.JMeterThread: Thread started: Menu Access 1-48
2026-03-28 19:42:42,561 INFO o.a.j.t.JMeterThread: Thread started: Menu Access 1-49
2026-03-28 19:42:42,661 INFO o.a.j.t.JMeterThread: Thread started: Menu Access 1-50
2026-03-28 19:42:42,761 INFO o.a.j.t.JMeterThread: Thread started: Menu Access 1-51
2026-03-28 19:42:42,859 INFO o.a.j.t.JMeterThread: Thread started: Menu Access 1-52
2026-03-28 19:42:42,957 INFO o.a.j.t.JMeterThread: Thread started: Menu Access 1-53
2026-03-28 19:42:43,062 INFO o.a.j.t.JMeterThread: Thread started: Menu Access 1-54
2026-03-28 19:42:43,157 INFO o.a.j.t.JMeterThread: Thread started: Menu Access 1-55
2026-03-28 19:42:43,259 INFO o.a.j.t.JMeterThread: Thread started: Menu Access 1-56
2026-03-28 19:42:43,361 INFO o.a.j.t.JMeterThread: Thread started: Menu Access 1-57
2026-03-28 19:42:43,458 INFO o.a.j.t.JMeterThread: Thread started: Menu Access 1-58
2026-03-28 19:42:43,561 INFO o.a.j.t.JMeterThread: Thread started: Menu Access 1-59
2026-03-28 19:42:43,656 INFO o.a.j.t.JMeterThread: Thread started: Menu Access 1-60
2026-03-28 19:42:43,761 INFO o.a.j.t.JMeterThread: Thread started: Menu Access 1-61
2026-03-28 19:42:43,862 INFO o.a.j.t.JMeterThread: Thread started: Menu Access 1-62
2026-03-28 19:42:43,962 INFO o.a.j.t.JMeterThread: Thread started: Menu Access 1-63
2026-03-28 19:42:44,062 INFO o.a.j.t.JMeterThread: Thread started: Menu Access 1-64
2026-03-28 19:42:44,161 INFO o.a.j.t.JMeterThread: Thread started: Menu Access 1-65
2026-03-28 19:42:44,261 INFO o.a.j.t.JMeterThread: Thread started: Menu Access 1-66
2026-03-28 19:42:44,357 INFO o.a.j.t.JMeterThread: Thread started: Menu Access 1-67
2026-03-28 19:42:44,461 INFO o.a.j.t.JMeterThread: Thread started: Menu Access 1-68
2026-03-28 19:42:44,561 INFO o.a.j.t.JMeterThread: Thread started: Menu Access 1-69
2026-03-28 19:42:44,661 INFO o.a.j.t.JMeterThread: Thread started: Menu Access 1-70
2026-03-28 19:42:44,757 INFO o.a.j.t.JMeterThread: Thread started: Menu Access 1-71
2026-03-28 19:42:44,861 INFO o.a.j.t.JMeterThread: Thread started: Menu Access 1-72
2026-03-28 19:42:44,961 INFO o.a.j.t.JMeterThread: Thread started: Menu Access 1-73
2026-03-28 19:42:45,061 INFO o.a.j.t.JMeterThread: Thread started: Menu Access 1-74
2026-03-28 19:42:45,161 INFO o.a.j.t.JMeterThread: Thread started: Menu Access 1-75
2026-03-28 19:42:45,262 INFO o.a.j.t.JMeterThread: Thread started: Menu Access 1-76
2026-03-28 19:42:45,361 INFO o.a.j.t.JMeterThread: Thread started: Menu Access 1-77
2026-03-28 19:42:45,461 INFO o.a.j.t.JMeterThread: Thread started: Menu Access 1-78
2026-03-28 19:42:45,561 INFO o.a.j.t.JMeterThread: Thread started: Menu Access 1-79
2026-03-28 19:42:45,658 INFO o.a.j.t.JMeterThread: Thread started: Menu Access 1-80
2026-03-28 19:42:45,757 INFO o.a.j.t.JMeterThread: Thread started: Menu Access 1-81
2026-03-28 19:42:45,858 INFO o.a.j.t.JMeterThread: Thread started: Menu Access 1-82
2026-03-28 19:42:45,957 INFO o.a.j.t.JMeterThread: Thread started: Menu Access 1-83
2026-03-28 19:42:46,057 INFO o.a.j.t.JMeterThread: Thread started: Menu Access 1-84
2026-03-28 19:42:46,157 INFO o.a.j.t.JMeterThread: Thread started: Menu Access 1-85
2026-03-28 19:42:46,261 INFO o.a.j.t.JMeterThread: Thread started: Menu Access 1-86
2026-03-28 19:42:46,361 INFO o.a.j.t.JMeterThread: Thread started: Menu Access 1-87
2026-03-28 19:42:46,461 INFO o.a.j.t.JMeterThread: Thread started: Menu Access 1-88
2026-03-28 19:42:46,561 INFO o.a.j.t.JMeterThread: Thread started: Menu Access 1-89
2026-03-28 19:42:46,661 INFO o.a.j.t.JMeterThread: Thread started: Menu Access 1-90
2026-03-28 19:42:46,758 INFO o.a.j.t.JMeterThread: Thread started: Menu Access 1-91
2026-03-28 19:42:46,860 INFO o.a.j.t.JMeterThread: Thread started: Menu Access 1-92
2026-03-28 19:42:46,958 INFO o.a.j.t.JMeterThread: Thread started: Menu Access 1-93
2026-03-28 19:42:47,056 INFO o.a.j.t.JMeterThread: Thread started: Menu Access 1-94
2026-03-28 19:42:47,161 INFO o.a.j.t.JMeterThread: Thread started: Menu Access 1-95
2026-03-28 19:42:47,258 INFO o.a.j.t.JMeterThread: Thread started: Menu Access 1-96
2026-03-28 19:42:47,357 INFO o.a.j.t.JMeterThread: Thread started: Menu Access 1-97
2026-03-28 19:42:47,461 INFO o.a.j.t.JMeterThread: Thread started: Menu Access 1-98
2026-03-28 19:42:47,562 INFO o.a.j.t.JMeterThread: Thread started: Menu Access 1-99
2026-03-28 19:42:47,662 INFO o.a.j.t.JMeterThread: Thread started: Menu Access 1-100
2026-03-28 19:43:37,787 INFO o.a.j.t.JMeterThread: Stopping because end time detected by thread: Menu Access 1-34
2026-03-28 19:43:37,789 INFO o.a.j.t.JMeterThread: Thread finished: Menu Access 1-34
2026-03-28 19:43:37,794 INFO o.a.j.t.JMeterThread: Stopping because end time detected by thread: Menu Access 1-39
2026-03-28 19:43:37,794 INFO o.a.j.t.JMeterThread: Thread finished: Menu Access 1-39
2026-03-28 19:43:37,795 INFO o.a.j.t.JMeterThread: Stopping because end time detected by thread: Menu Access 1-66
2026-03-28 19:43:37,795 INFO o.a.j.t.JMeterThread: Thread finished: Menu Access 1-66
2026-03-28 19:43:37,813 INFO o.a.j.t.JMeterThread: Stopping because end time detected by thread: Menu Access 1-26
2026-03-28 19:43:37,813 INFO o.a.j.t.JMeterThread: Thread finished: Menu Access 1-26
2026-03-28 19:43:37,823 INFO o.a.j.t.JMeterThread: Stopping because end time detected by thread: Menu Access 1-1
2026-03-28 19:43:37,823 INFO o.a.j.t.JMeterThread: Thread finished: Menu Access 1-1
2026-03-28 19:43:37,823 INFO o.a.j.t.JMeterThread: Stopping because end time detected by thread: Menu Access 1-88
2026-03-28 19:43:37,823 INFO o.a.j.t.JMeterThread: Thread finished: Menu Access 1-88
2026-03-28 19:43:37,824 INFO o.a.j.t.JMeterThread: Stopping because end time detected by thread: Menu Access 1-11
2026-03-28 19:43:37,824 INFO o.a.j.t.JMeterThread: Stopping because end time detected by thread: Menu Access 1-93
2026-03-28 19:43:37,824 INFO o.a.j.t.JMeterThread: Thread finished: Menu Access 1-11
2026-03-28 19:43:37,824 INFO o.a.j.t.JMeterThread: Stopping because end time detected by thread: Menu Access 1-49
2026-03-28 19:43:37,824 INFO o.a.j.t.JMeterThread: Thread finished: Menu Access 1-93
2026-03-28 19:43:37,824 INFO o.a.j.t.JMeterThread: Stopping because end time detected by thread: Menu Access 1-57
2026-03-28 19:43:37,824 INFO o.a.j.t.JMeterThread: Thread finished: Menu Access 1-49
2026-03-28 19:43:37,824 INFO o.a.j.t.JMeterThread: Thread finished: Menu Access 1-57
2026-03-28 19:43:37,825 INFO o.a.j.t.JMeterThread: Stopping because end time detected by thread: Menu Access 1-3
2026-03-28 19:43:37,825 INFO o.a.j.t.JMeterThread: Thread finished: Menu Access 1-3
2026-03-28 19:43:37,829 INFO o.a.j.t.JMeterThread: Stopping because end time detected by thread: Menu Access 1-89
2026-03-28 19:43:37,829 INFO o.a.j.t.JMeterThread: Stopping because end time detected by thread: Menu Access 1-81
2026-03-28 19:43:37,830 INFO o.a.j.t.JMeterThread: Stopping because end time detected by thread: Menu Access 1-21
2026-03-28 19:43:37,830 INFO o.a.j.t.JMeterThread: Thread finished: Menu Access 1-81
2026-03-28 19:43:37,829 INFO o.a.j.t.JMeterThread: Stopping because end time detected by thread: Menu Access 1-98
2026-03-28 19:43:37,829 INFO o.a.j.t.JMeterThread: Stopping because end time detected by thread: Menu Access 1-44
2026-03-28 19:43:37,830 INFO o.a.j.t.JMeterThread: Thread finished: Menu Access 1-44
2026-03-28 19:43:37,830 INFO o.a.j.t.JMeterThread: Thread finished: Menu Access 1-21
2026-03-28 19:43:37,829 INFO o.a.j.t.JMeterThread: Thread finished: Menu Access 1-89
2026-03-28 19:43:37,830 INFO o.a.j.t.JMeterThread: Thread finished: Menu Access 1-98
2026-03-28 19:43:37,838 INFO o.a.j.t.JMeterThread: Stopping because end time detected by thread: Menu Access 1-24
2026-03-28 19:43:37,838 INFO o.a.j.t.JMeterThread: Thread finished: Menu Access 1-24
2026-03-28 19:43:37,843 INFO o.a.j.t.JMeterThread: Stopping because end time detected by thread: Menu Access 1-60
2026-03-28 19:43:37,843 INFO o.a.j.t.JMeterThread: Thread finished: Menu Access 1-60
2026-03-28 19:43:37,848 INFO o.a.j.t.JMeterThread: Stopping because end time detected by thread: Menu Access 1-47
2026-03-28 19:43:37,848 INFO o.a.j.t.JMeterThread: Thread finished: Menu Access 1-47
2026-03-28 19:43:37,855 INFO o.a.j.t.JMeterThread: Stopping because end time detected by thread: Menu Access 1-85
2026-03-28 19:43:37,855 INFO o.a.j.t.JMeterThread: Stopping because end time detected by thread: Menu Access 1-73
2026-03-28 19:43:37,855 INFO o.a.j.t.JMeterThread: Thread finished: Menu Access 1-85
2026-03-28 19:43:37,855 INFO o.a.j.t.JMeterThread: Thread finished: Menu Access 1-73
2026-03-28 19:43:37,855 INFO o.a.j.t.JMeterThread: Stopping because end time detected by thread: Menu Access 1-16
2026-03-28 19:43:37,855 INFO o.a.j.t.JMeterThread: Thread finished: Menu Access 1-16
2026-03-28 19:43:37,857 INFO o.a.j.t.JMeterThread: Stopping because end time detected by thread: Menu Access 1-19
2026-03-28 19:43:37,857 INFO o.a.j.t.JMeterThread: Thread finished: Menu Access 1-19
2026-03-28 19:43:37,860 INFO o.a.j.t.JMeterThread: Stopping because end time detected by thread: Menu Access 1-77
2026-03-28 19:43:37,861 INFO o.a.j.t.JMeterThread: Thread finished: Menu Access 1-77
2026-03-28 19:43:37,863 INFO o.a.j.t.JMeterThread: Stopping because end time detected by thread: Menu Access 1-63
2026-03-28 19:43:37,863 INFO o.a.j.t.JMeterThread: Thread finished: Menu Access 1-63
2026-03-28 19:43:37,872 INFO o.a.j.t.JMeterThread: Stopping because end time detected by thread: Menu Access 1-6
2026-03-28 19:43:37,872 INFO o.a.j.t.JMeterThread: Stopping because end time detected by thread: Menu Access 1-37
2026-03-28 19:43:37,872 INFO o.a.j.t.JMeterThread: Thread finished: Menu Access 1-37
2026-03-28 19:43:37,872 INFO o.a.j.t.JMeterThread: Thread finished: Menu Access 1-6
2026-03-28 19:43:37,874 INFO o.a.j.t.JMeterThread: Stopping because end time detected by thread: Menu Access 1-52
2026-03-28 19:43:37,874 INFO o.a.j.t.JMeterThread: Thread finished: Menu Access 1-52
2026-03-28 19:43:37,877 INFO o.a.j.t.JMeterThread: Stopping because end time detected by thread: Menu Access 1-9
2026-03-28 19:43:37,878 INFO o.a.j.t.JMeterThread: Thread finished: Menu Access 1-9
2026-03-28 19:43:37,884 INFO o.a.j.t.JMeterThread: Stopping because end time detected by thread: Menu Access 1-94
2026-03-28 19:43:37,886 INFO o.a.j.t.JMeterThread: Thread finished: Menu Access 1-94
2026-03-28 19:43:37,887 INFO o.a.j.t.JMeterThread: Stopping because end time detected by thread: Menu Access 1-29
2026-03-28 19:43:37,887 INFO o.a.j.t.JMeterThread: Thread finished: Menu Access 1-29
2026-03-28 19:43:37,895 INFO o.a.j.t.JMeterThread: Stopping because end time detected by thread: Menu Access 1-70
2026-03-28 19:43:37,895 INFO o.a.j.t.JMeterThread: Thread finished: Menu Access 1-70
2026-03-28 19:43:37,901 INFO o.a.j.t.JMeterThread: Stopping because end time detected by thread: Menu Access 1-99
2026-03-28 19:43:37,901 INFO o.a.j.t.JMeterThread: Thread finished: Menu Access 1-99
2026-03-28 19:43:37,920 INFO o.a.j.t.JMeterThread: Stopping because end time detected by thread: Menu Access 1-14
2026-03-28 19:43:37,920 INFO o.a.j.t.JMeterThread: Thread finished: Menu Access 1-14
2026-03-28 19:43:37,947 INFO o.a.j.t.JMeterThread: Stopping because end time detected by thread: Menu Access 1-58
2026-03-28 19:43:37,948 INFO o.a.j.t.JMeterThread: Thread finished: Menu Access 1-58
2026-03-28 19:43:37,955 INFO o.a.j.t.JMeterThread: Stopping because end time detected by thread: Menu Access 1-27
2026-03-28 19:43:37,955 INFO o.a.j.t.JMeterThread: Thread finished: Menu Access 1-27
2026-03-28 19:43:37,955 INFO o.a.j.t.JMeterThread: Stopping because end time detected by thread: Menu Access 1-42
2026-03-28 19:43:37,957 INFO o.a.j.t.JMeterThread: Thread finished: Menu Access 1-42
2026-03-28 19:43:37,962 INFO o.a.j.t.JMeterThread: Stopping because end time detected by thread: Menu Access 1-86
2026-03-28 19:43:37,963 INFO o.a.j.t.JMeterThread: Stopping because end time detected by thread: Menu Access 1-90
2026-03-28 19:43:37,964 INFO o.a.j.t.JMeterThread: Stopping because end time detected by thread: Menu Access 1-4
2026-03-28 19:43:37,963 INFO o.a.j.t.JMeterThread: Thread finished: Menu Access 1-86
2026-03-28 19:43:37,964 INFO o.a.j.t.JMeterThread: Thread finished: Menu Access 1-90
2026-03-28 19:43:37,964 INFO o.a.j.t.JMeterThread: Thread finished: Menu Access 1-4
2026-03-28 19:43:37,964 INFO o.a.j.t.JMeterThread: Stopping because end time detected by thread: Menu Access 1-32
2026-03-28 19:43:37,964 INFO o.a.j.t.JMeterThread: Thread finished: Menu Access 1-32
2026-03-28 19:43:37,969 INFO o.a.j.t.JMeterThread: Stopping because end time detected by thread: Menu Access 1-100
2026-03-28 19:43:37,970 INFO o.a.j.t.JMeterThread: Stopping because end time detected by thread: Menu Access 1-22
2026-03-28 19:43:37,970 INFO o.a.j.t.JMeterThread: Stopping because end time detected by thread: Menu Access 1-95
2026-03-28 19:43:37,970 INFO o.a.j.t.JMeterThread: Thread finished: Menu Access 1-100
2026-03-28 19:43:37,970 INFO o.a.j.t.JMeterThread: Thread finished: Menu Access 1-95
2026-03-28 19:43:37,970 INFO o.a.j.t.JMeterThread: Thread finished: Menu Access 1-22
2026-03-28 19:43:37,971 INFO o.a.j.t.JMeterThread: Stopping because end time detected by thread: Menu Access 1-74
2026-03-28 19:43:37,971 INFO o.a.j.t.JMeterThread: Thread finished: Menu Access 1-74
2026-03-28 19:43:37,971 INFO o.a.j.t.JMeterThread: Stopping because end time detected by thread: Menu Access 1-55
2026-03-28 19:43:37,971 INFO o.a.j.t.JMeterThread: Thread finished: Menu Access 1-55
2026-03-28 19:43:37,986 INFO o.a.j.t.JMeterThread: Stopping because end time detected by thread: Menu Access 1-45
2026-03-28 19:43:37,986 INFO o.a.j.t.JMeterThread: Thread finished: Menu Access 1-45
2026-03-28 19:43:37,991 INFO o.a.j.t.JMeterThread: Stopping because end time detected by thread: Menu Access 1-78
2026-03-28 19:43:37,992 INFO o.a.j.t.JMeterThread: Thread finished: Menu Access 1-78
2026-03-28 19:43:38,009 INFO o.a.j.t.JMeterThread: Stopping because end time detected by thread: Menu Access 1-64
2026-03-28 19:43:38,009 INFO o.a.j.t.JMeterThread: Thread finished: Menu Access 1-64
2026-03-28 19:43:38,013 INFO o.a.j.t.JMeterThread: Stopping because end time detected by thread: Menu Access 1-2
2026-03-28 19:43:38,013 INFO o.a.j.t.JMeterThread: Thread finished: Menu Access 1-2
2026-03-28 19:43:38,042 INFO o.a.j.t.JMeterThread: Stopping because end time detected by thread: Menu Access 1-17
2026-03-28 19:43:38,042 INFO o.a.j.t.JMeterThread: Thread finished: Menu Access 1-17
2026-03-28 19:43:38,045 INFO o.a.j.t.JMeterThread: Stopping because end time detected by thread: Menu Access 1-71
2026-03-28 19:43:38,045 INFO o.a.j.t.JMeterThread: Thread finished: Menu Access 1-71
2026-03-28 19:43:38,046 INFO o.a.j.t.JMeterThread: Stopping because end time detected by thread: Menu Access 1-25
2026-03-28 19:43:38,046 INFO o.a.j.t.JMeterThread: Thread finished: Menu Access 1-25
2026-03-28 19:43:38,066 INFO o.a.j.t.JMeterThread: Stopping because end time detected by thread: Menu Access 1-53
2026-03-28 19:43:38,066 INFO o.a.j.t.JMeterThread: Thread finished: Menu Access 1-53
2026-03-28 19:43:38,077 INFO o.a.j.t.JMeterThread: Stopping because end time detected by thread: Menu Access 1-82
2026-03-28 19:43:38,077 INFO o.a.j.t.JMeterThread: Thread finished: Menu Access 1-82
2026-03-28 19:43:38,078 INFO o.a.j.t.JMeterThread: Stopping because end time detected by thread: Menu Access 1-12
2026-03-28 19:43:38,078 INFO o.a.j.t.JMeterThread: Thread finished: Menu Access 1-12
2026-03-28 19:43:38,078 INFO o.a.j.t.JMeterThread: Stopping because end time detected by thread: Menu Access 1-15
2026-03-28 19:43:38,078 INFO o.a.j.t.JMeterThread: Stopping because end time detected by thread: Menu Access 1-67
2026-03-28 19:43:38,078 INFO o.a.j.t.JMeterThread: Thread finished: Menu Access 1-15
2026-03-28 19:43:38,078 INFO o.a.j.t.JMeterThread: Thread finished: Menu Access 1-67
2026-03-28 19:43:38,078 INFO o.a.j.t.JMeterThread: Stopping because end time detected by thread: Menu Access 1-7
2026-03-28 19:43:38,079 INFO o.a.j.t.JMeterThread: Thread finished: Menu Access 1-7
2026-03-28 19:43:38,079 INFO o.a.j.t.JMeterThread: Stopping because end time detected by thread: Menu Access 1-61
2026-03-28 19:43:38,080 INFO o.a.j.t.JMeterThread: Stopping because end time detected by thread: Menu Access 1-40
2026-03-28 19:43:38,080 INFO o.a.j.t.JMeterThread: Thread finished: Menu Access 1-61
2026-03-28 19:43:38,080 INFO o.a.j.t.JMeterThread: Thread finished: Menu Access 1-40
2026-03-28 19:43:38,083 INFO o.a.j.t.JMeterThread: Stopping because end time detected by thread: Menu Access 1-10
2026-03-28 19:43:38,083 INFO o.a.j.t.JMeterThread: Thread finished: Menu Access 1-10
2026-03-28 19:43:38,083 INFO o.a.j.t.JMeterThread: Stopping because end time detected by thread: Menu Access 1-91
2026-03-28 19:43:38,083 INFO o.a.j.t.JMeterThread: Thread finished: Menu Access 1-91
2026-03-28 19:43:38,085 INFO o.a.j.t.JMeterThread: Stopping because end time detected by thread: Menu Access 1-87
2026-03-28 19:43:38,085 INFO o.a.j.t.JMeterThread: Stopping because end time detected by thread: Menu Access 1-56
2026-03-28 19:43:38,085 INFO o.a.j.t.JMeterThread: Thread finished: Menu Access 1-87
2026-03-28 19:43:38,085 INFO o.a.j.t.JMeterThread: Stopping because end time detected by thread: Menu Access 1-50
2026-03-28 19:43:38,085 INFO o.a.j.t.JMeterThread: Thread finished: Menu Access 1-50
2026-03-28 19:43:38,085 INFO o.a.j.t.JMeterThread: Thread finished: Menu Access 1-56
2026-03-28 19:43:38,090 INFO o.a.j.t.JMeterThread: Stopping because end time detected by thread: Menu Access 1-48
2026-03-28 19:43:38,090 INFO o.a.j.t.JMeterThread: Thread finished: Menu Access 1-48
2026-03-28 19:43:38,095 INFO o.a.j.t.JMeterThread: Stopping because end time detected by thread: Menu Access 1-68
2026-03-28 19:43:38,095 INFO o.a.j.t.JMeterThread: Thread finished: Menu Access 1-68
2026-03-28 19:43:38,103 INFO o.a.j.t.JMeterThread: Stopping because end time detected by thread: Menu Access 1-30
2026-03-28 19:43:38,103 INFO o.a.j.t.JMeterThread: Thread finished: Menu Access 1-30
2026-03-28 19:43:38,110 INFO o.a.j.t.JMeterThread: Stopping because end time detected by thread: Menu Access 1-35
2026-03-28 19:43:38,110 INFO o.a.j.t.JMeterThread: Stopping because end time detected by thread: Menu Access 1-38
2026-03-28 19:43:38,110 INFO o.a.j.t.JMeterThread: Stopping because end time detected by thread: Menu Access 1-83
2026-03-28 19:43:38,110 INFO o.a.j.t.JMeterThread: Stopping because end time detected by thread: Menu Access 1-20
2026-03-28 19:43:38,110 INFO o.a.j.t.JMeterThread: Thread finished: Menu Access 1-35
2026-03-28 19:43:38,110 INFO o.a.j.t.JMeterThread: Thread finished: Menu Access 1-20
2026-03-28 19:43:38,110 INFO o.a.j.t.JMeterThread: Thread finished: Menu Access 1-83
2026-03-28 19:43:38,110 INFO o.a.j.t.JMeterThread: Thread finished: Menu Access 1-38
2026-03-28 19:43:38,114 INFO o.a.j.t.JMeterThread: Stopping because end time detected by thread: Menu Access 1-75
2026-03-28 19:43:38,114 INFO o.a.j.t.JMeterThread: Thread finished: Menu Access 1-75
2026-03-28 19:43:38,116 INFO o.a.j.t.JMeterThread: Stopping because end time detected by thread: Menu Access 1-96
2026-03-28 19:43:38,116 INFO o.a.j.t.JMeterThread: Thread finished: Menu Access 1-96
2026-03-28 19:43:38,127 INFO o.a.j.t.JMeterThread: Stopping because end time detected by thread: Menu Access 1-92
2026-03-28 19:43:38,127 INFO o.a.j.t.JMeterThread: Stopping because end time detected by thread: Menu Access 1-28
2026-03-28 19:43:38,127 INFO o.a.j.t.JMeterThread: Thread finished: Menu Access 1-92
2026-03-28 19:43:38,127 INFO o.a.j.t.JMeterThread: Thread finished: Menu Access 1-28
2026-03-28 19:43:38,136 INFO o.a.j.t.JMeterThread: Stopping because end time detected by thread: Menu Access 1-43
2026-03-28 19:43:38,136 INFO o.a.j.t.JMeterThread: Stopping because end time detected by thread: Menu Access 1-59
2026-03-28 19:43:38,136 INFO o.a.j.t.JMeterThread: Thread finished: Menu Access 1-43
2026-03-28 19:43:38,136 INFO o.a.j.t.JMeterThread: Thread finished: Menu Access 1-59
2026-03-28 19:43:38,137 INFO o.a.j.t.JMeterThread: Stopping because end time detected by thread: Menu Access 1-79
2026-03-28 19:43:38,137 INFO o.a.j.t.JMeterThread: Thread finished: Menu Access 1-79
2026-03-28 19:43:38,141 INFO o.a.j.t.JMeterThread: Stopping because end time detected by thread: Menu Access 1-62
2026-03-28 19:43:38,141 INFO o.a.j.t.JMeterThread: Thread finished: Menu Access 1-62
2026-03-28 19:43:38,149 INFO o.a.j.t.JMeterThread: Stopping because end time detected by thread: Menu Access 1-5
2026-03-28 19:43:38,149 INFO o.a.j.t.JMeterThread: Thread finished: Menu Access 1-5
2026-03-28 19:43:38,152 INFO o.a.j.t.JMeterThread: Stopping because end time detected by thread: Menu Access 1-65
2026-03-28 19:43:38,152 INFO o.a.j.t.JMeterThread: Thread finished: Menu Access 1-65
2026-03-28 19:43:38,171 INFO o.a.j.t.JMeterThread: Stopping because end time detected by thread: Menu Access 1-97
2026-03-28 19:43:38,171 INFO o.a.j.t.JMeterThread: Thread finished: Menu Access 1-97
2026-03-28 19:43:38,200 INFO o.a.j.t.JMeterThread: Stopping because end time detected by thread: Menu Access 1-23
2026-03-28 19:43:38,200 INFO o.a.j.t.JMeterThread: Thread finished: Menu Access 1-23
2026-03-28 19:43:38,207 INFO o.a.j.t.JMeterThread: Stopping because end time detected by thread: Menu Access 1-72
2026-03-28 19:43:38,207 INFO o.a.j.t.JMeterThread: Thread finished: Menu Access 1-72
2026-03-28 19:43:38,207 INFO o.a.j.t.JMeterThread: Stopping because end time detected by thread: Menu Access 1-18
2026-03-28 19:43:38,207 INFO o.a.j.t.JMeterThread: Thread finished: Menu Access 1-18
2026-03-28 19:43:38,212 INFO o.a.j.t.JMeterThread: Stopping because end time detected by thread: Menu Access 1-84
2026-03-28 19:43:38,212 INFO o.a.j.t.JMeterThread: Thread finished: Menu Access 1-84
2026-03-28 19:43:38,215 INFO o.a.j.t.JMeterThread: Stopping because end time detected by thread: Menu Access 1-46
2026-03-28 19:43:38,215 INFO o.a.j.t.JMeterThread: Stopping because end time detected by thread: Menu Access 1-54
2026-03-28 19:43:38,215 INFO o.a.j.t.JMeterThread: Thread finished: Menu Access 1-54
2026-03-28 19:43:38,215 INFO o.a.j.t.JMeterThread: Thread finished: Menu Access 1-46
2026-03-28 19:43:38,217 INFO o.a.j.t.JMeterThread: Stopping because end time detected by thread: Menu Access 1-69
2026-03-28 19:43:38,217 INFO o.a.j.t.JMeterThread: Thread finished: Menu Access 1-69
2026-03-28 19:43:38,224 INFO o.a.j.t.JMeterThread: Stopping because end time detected by thread: Menu Access 1-41
2026-03-28 19:43:38,224 INFO o.a.j.t.JMeterThread: Stopping because end time detected by thread: Menu Access 1-51
2026-03-28 19:43:38,224 INFO o.a.j.t.JMeterThread: Thread finished: Menu Access 1-51
2026-03-28 19:43:38,224 INFO o.a.j.t.JMeterThread: Thread finished: Menu Access 1-41
2026-03-28 19:43:38,224 INFO o.a.j.t.JMeterThread: Stopping because end time detected by thread: Menu Access 1-8
2026-03-28 19:43:38,224 INFO o.a.j.t.JMeterThread: Thread finished: Menu Access 1-8
2026-03-28 19:43:38,225 INFO o.a.j.t.JMeterThread: Stopping because end time detected by thread: Menu Access 1-33
2026-03-28 19:43:38,225 INFO o.a.j.t.JMeterThread: Thread finished: Menu Access 1-33
2026-03-28 19:43:38,225 INFO o.a.j.t.JMeterThread: Stopping because end time detected by thread: Menu Access 1-13
2026-03-28 19:43:38,225 INFO o.a.j.t.JMeterThread: Thread finished: Menu Access 1-13
2026-03-28 19:43:38,241 INFO o.a.j.t.JMeterThread: Stopping because end time detected by thread: Menu Access 1-80
2026-03-28 19:43:38,241 INFO o.a.j.t.JMeterThread: Thread finished: Menu Access 1-80
2026-03-28 19:43:38,244 INFO o.a.j.t.JMeterThread: Stopping because end time detected by thread: Menu Access 1-36
2026-03-28 19:43:38,244 INFO o.a.j.t.JMeterThread: Thread finished: Menu Access 1-36
2026-03-28 19:43:38,261 INFO o.a.j.t.JMeterThread: Stopping because end time detected by thread: Menu Access 1-76
2026-03-28 19:43:38,261 INFO o.a.j.t.JMeterThread: Thread finished: Menu Access 1-76
2026-03-28 19:43:38,268 INFO o.a.j.t.JMeterThread: Stopping because end time detected by thread: Menu Access 1-31
2026-03-28 19:43:38,268 INFO o.a.j.t.JMeterThread: Thread finished: Menu Access 1-31
2026-03-28 19:43:38,269 INFO o.a.j.e.StandardJMeterEngine: Notifying test listeners of end of test
2026-03-28 19:43:38,269 INFO o.a.j.g.u.JMeterMenuBar: setRunning(false, *local*)
2026-03-31 01:07:02,902 INFO o.a.j.e.StandardJMeterEngine: Running the test!
2026-03-31 01:07:02,907 INFO o.a.j.s.SampleEvent: List of sample_variables: []
2026-03-31 01:07:02,909 INFO o.a.j.g.u.JMeterMenuBar: setRunning(true, *local*)
2026-03-31 01:07:03,037 INFO o.a.j.e.StandardJMeterEngine: Starting ThreadGroup: 1 : Menu Access
2026-03-31 01:07:03,037 INFO o.a.j.e.StandardJMeterEngine: Starting 20 threads for group Menu Access.
2026-03-31 01:07:03,038 INFO o.a.j.e.StandardJMeterEngine: Thread will continue on error
2026-03-31 01:07:03,038 INFO o.a.j.t.ThreadGroup: Starting thread group... number=1 threads=20 ramp-up=10 delayedStart=false
2026-03-31 01:07:03,039 INFO o.a.j.t.JMeterThread: Thread started: Menu Access 1-1
2026-03-31 01:07:03,045 INFO o.a.j.t.ThreadGroup: Started thread group number 1
2026-03-31 01:07:03,045 INFO o.a.j.e.StandardJMeterEngine: All thread groups have been started
2026-03-31 01:07:03,543 INFO o.a.j.t.JMeterThread: Thread started: Menu Access 1-2
2026-03-31 01:07:04,040 INFO o.a.j.t.JMeterThread: Thread started: Menu Access 1-3
2026-03-31 01:07:04,543 INFO o.a.j.t.JMeterThread: Thread started: Menu Access 1-4
2026-03-31 01:07:05,044 INFO o.a.j.t.JMeterThread: Thread started: Menu Access 1-5
2026-03-31 01:07:05,540 INFO o.a.j.t.JMeterThread: Thread started: Menu Access 1-6
2026-03-31 01:07:06,042 INFO o.a.j.t.JMeterThread: Thread started: Menu Access 1-7
2026-03-31 01:07:06,543 INFO o.a.j.t.JMeterThread: Thread started: Menu Access 1-8
2026-03-31 01:07:07,043 INFO o.a.j.t.JMeterThread: Thread started: Menu Access 1-9
2026-03-31 01:07:07,543 INFO o.a.j.t.JMeterThread: Thread started: Menu Access 1-10
2026-03-31 01:07:08,041 INFO o.a.j.t.JMeterThread: Thread started: Menu Access 1-11
2026-03-31 01:07:08,540 INFO o.a.j.t.JMeterThread: Thread started: Menu Access 1-12
2026-03-31 01:07:09,041 INFO o.a.j.t.JMeterThread: Thread started: Menu Access 1-13
2026-03-31 01:07:09,539 INFO o.a.j.t.JMeterThread: Thread started: Menu Access 1-14
2026-03-31 01:07:10,044 INFO o.a.j.t.JMeterThread: Thread started: Menu Access 1-15
2026-03-31 01:07:10,540 INFO o.a.j.t.JMeterThread: Thread started: Menu Access 1-16
2026-03-31 01:07:11,039 INFO o.a.j.t.JMeterThread: Thread started: Menu Access 1-17
2026-03-31 01:07:11,553 INFO o.a.j.t.JMeterThread: Thread started: Menu Access 1-18
2026-03-31 01:07:12,041 INFO o.a.j.t.JMeterThread: Thread started: Menu Access 1-19
2026-03-31 01:07:12,543 INFO o.a.j.t.JMeterThread: Thread started: Menu Access 1-20
2026-03-31 01:08:03,038 INFO o.a.j.t.JMeterThread: Stopping because end time detected by thread: Menu Access 1-2
2026-03-31 01:08:03,038 INFO o.a.j.t.JMeterThread: Stopping because end time detected by thread: Menu Access 1-1
2026-03-31 01:08:03,039 INFO o.a.j.t.JMeterThread: Thread finished: Menu Access 1-2
2026-03-31 01:08:03,039 INFO o.a.j.t.JMeterThread: Thread finished: Menu Access 1-1
2026-03-31 01:08:03,039 INFO o.a.j.t.JMeterThread: Stopping because end time detected by thread: Menu Access 1-3
2026-03-31 01:08:03,039 INFO o.a.j.t.JMeterThread: Thread finished: Menu Access 1-3
2026-03-31 01:08:03,039 INFO o.a.j.t.JMeterThread: Stopping because end time detected by thread: Menu Access 1-4
2026-03-31 01:08:03,039 INFO o.a.j.t.JMeterThread: Thread finished: Menu Access 1-4
2026-03-31 01:08:03,040 INFO o.a.j.t.JMeterThread: Stopping because end time detected by thread: Menu Access 1-5
2026-03-31 01:08:03,040 INFO o.a.j.t.JMeterThread: Thread finished: Menu Access 1-5
2026-03-31 01:08:03,041 INFO o.a.j.t.JMeterThread: Stopping because end time detected by thread: Menu Access 1-8
2026-03-31 01:08:03,041 INFO o.a.j.t.JMeterThread: Thread finished: Menu Access 1-8
2026-03-31 01:08:03,041 INFO o.a.j.t.JMeterThread: Stopping because end time detected by thread: Menu Access 1-7
2026-03-31 01:08:03,041 INFO o.a.j.t.JMeterThread: Stopping because end time detected by thread: Menu Access 1-6
2026-03-31 01:08:03,041 INFO o.a.j.t.JMeterThread: Thread finished: Menu Access 1-6
2026-03-31 01:08:03,041 INFO o.a.j.t.JMeterThread: Stopping because end time detected by thread: Menu Access 1-9
2026-03-31 01:08:03,041 INFO o.a.j.t.JMeterThread: Thread finished: Menu Access 1-7
2026-03-31 01:08:03,041 INFO o.a.j.t.JMeterThread: Thread finished: Menu Access 1-9
2026-03-31 01:08:03,042 INFO o.a.j.t.JMeterThread: Stopping because end time detected by thread: Menu Access 1-11
2026-03-31 01:08:03,042 INFO o.a.j.t.JMeterThread: Stopping because end time detected by thread: Menu Access 1-10
2026-03-31 01:08:03,042 INFO o.a.j.t.JMeterThread: Thread finished: Menu Access 1-11
2026-03-31 01:08:03,042 INFO o.a.j.t.JMeterThread: Thread finished: Menu Access 1-10
2026-03-31 01:08:03,043 INFO o.a.j.t.JMeterThread: Stopping because end time detected by thread: Menu Access 1-14
2026-03-31 01:08:03,043 INFO o.a.j.t.JMeterThread: Stopping because end time detected by thread: Menu Access 1-12
2026-03-31 01:08:03,043 INFO o.a.j.t.JMeterThread: Stopping because end time detected by thread: Menu Access 1-16
2026-03-31 01:08:03,043 INFO o.a.j.t.JMeterThread: Stopping because end time detected by thread: Menu Access 1-13
2026-03-31 01:08:03,043 INFO o.a.j.t.JMeterThread: Thread finished: Menu Access 1-13
2026-03-31 01:08:03,043 INFO o.a.j.t.JMeterThread: Thread finished: Menu Access 1-14
2026-03-31 01:08:03,043 INFO o.a.j.t.JMeterThread: Thread finished: Menu Access 1-16
2026-03-31 01:08:03,043 INFO o.a.j.t.JMeterThread: Stopping because end time detected by thread: Menu Access 1-15
2026-03-31 01:08:03,043 INFO o.a.j.t.JMeterThread: Thread finished: Menu Access 1-12
2026-03-31 01:08:03,043 INFO o.a.j.t.JMeterThread: Thread finished: Menu Access 1-15
2026-03-31 01:08:03,044 INFO o.a.j.t.JMeterThread: Stopping because end time detected by thread: Menu Access 1-18
2026-03-31 01:08:03,044 INFO o.a.j.t.JMeterThread: Thread finished: Menu Access 1-18
2026-03-31 01:08:03,044 INFO o.a.j.t.JMeterThread: Stopping because end time detected by thread: Menu Access 1-17
2026-03-31 01:08:03,044 INFO o.a.j.t.JMeterThread: Thread finished: Menu Access 1-17
2026-03-31 01:08:03,045 INFO o.a.j.t.JMeterThread: Stopping because end time detected by thread: Menu Access 1-19
2026-03-31 01:08:03,045 INFO o.a.j.t.JMeterThread: Stopping because end time detected by thread: Menu Access 1-20
2026-03-31 01:08:03,045 INFO o.a.j.t.JMeterThread: Thread finished: Menu Access 1-19
2026-03-31 01:08:03,045 INFO o.a.j.t.JMeterThread: Thread finished: Menu Access 1-20
2026-03-31 01:08:03,045 INFO o.a.j.e.StandardJMeterEngine: Notifying test listeners of end of test
2026-03-31 01:08:03,045 INFO o.a.j.g.u.JMeterMenuBar: setRunning(false, *local*)
2026-03-31 01:10:34,229 INFO o.a.j.e.StandardJMeterEngine: Running the test!
2026-03-31 01:10:34,230 INFO o.a.j.s.SampleEvent: List of sample_variables: []
2026-03-31 01:10:34,231 INFO o.a.j.g.u.JMeterMenuBar: setRunning(true, *local*)
2026-03-31 01:10:34,288 INFO o.a.j.e.StandardJMeterEngine: Starting ThreadGroup: 1 : Menu Access
2026-03-31 01:10:34,288 INFO o.a.j.e.StandardJMeterEngine: Starting 20 threads for group Menu Access.
2026-03-31 01:10:34,288 INFO o.a.j.e.StandardJMeterEngine: Thread will continue on error
2026-03-31 01:10:34,288 INFO o.a.j.t.ThreadGroup: Starting thread group... number=1 threads=20 ramp-up=10 delayedStart=false
2026-03-31 01:10:34,288 INFO o.a.j.t.JMeterThread: Thread started: Menu Access 1-1
2026-03-31 01:10:34,291 INFO o.a.j.t.ThreadGroup: Started thread group number 1
2026-03-31 01:10:34,291 INFO o.a.j.e.StandardJMeterEngine: All thread groups have been started
2026-03-31 01:10:34,791 INFO o.a.j.t.JMeterThread: Thread started: Menu Access 1-2
2026-03-31 01:10:35,289 INFO o.a.j.t.JMeterThread: Thread started: Menu Access 1-3
2026-03-31 01:10:35,789 INFO o.a.j.t.JMeterThread: Thread started: Menu Access 1-4
2026-03-31 01:10:36,288 INFO o.a.j.t.JMeterThread: Thread started: Menu Access 1-5
2026-03-31 01:10:36,793 INFO o.a.j.t.JMeterThread: Thread started: Menu Access 1-6
2026-03-31 01:10:37,293 INFO o.a.j.t.JMeterThread: Thread started: Menu Access 1-7
2026-03-31 01:10:37,790 INFO o.a.j.t.JMeterThread: Thread started: Menu Access 1-8
2026-03-31 01:10:38,293 INFO o.a.j.t.JMeterThread: Thread started: Menu Access 1-9
2026-03-31 01:10:38,792 INFO o.a.j.t.JMeterThread: Thread started: Menu Access 1-10
2026-03-31 01:10:39,293 INFO o.a.j.t.JMeterThread: Thread started: Menu Access 1-11
2026-03-31 01:10:39,794 INFO o.a.j.t.JMeterThread: Thread started: Menu Access 1-12
2026-03-31 01:10:40,291 INFO o.a.j.t.JMeterThread: Thread started: Menu Access 1-13
2026-03-31 01:10:40,790 INFO o.a.j.t.JMeterThread: Thread started: Menu Access 1-14
2026-03-31 01:10:41,293 INFO o.a.j.t.JMeterThread: Thread started: Menu Access 1-15
2026-03-31 01:10:41,793 INFO o.a.j.t.JMeterThread: Thread started: Menu Access 1-16
2026-03-31 01:10:42,292 INFO o.a.j.t.JMeterThread: Thread started: Menu Access 1-17
2026-03-31 01:10:42,794 INFO o.a.j.t.JMeterThread: Thread started: Menu Access 1-18
2026-03-31 01:10:43,292 INFO o.a.j.t.JMeterThread: Thread started: Menu Access 1-19
2026-03-31 01:10:43,792 INFO o.a.j.t.JMeterThread: Thread started: Menu Access 1-20
2026-03-31 01:11:34,376 INFO o.a.j.t.JMeterThread: Stopping because end time detected by thread: Menu Access 1-2
2026-03-31 01:11:34,377 INFO o.a.j.t.JMeterThread: Thread finished: Menu Access 1-2
2026-03-31 01:11:34,392 INFO o.a.j.t.JMeterThread: Stopping because end time detected by thread: Menu Access 1-3
2026-03-31 01:11:34,392 INFO o.a.j.t.JMeterThread: Thread finished: Menu Access 1-3
2026-03-31 01:11:34,400 INFO o.a.j.t.JMeterThread: Stopping because end time detected by thread: Menu Access 1-14
2026-03-31 01:11:34,400 INFO o.a.j.t.JMeterThread: Thread finished: Menu Access 1-14
2026-03-31 01:11:34,413 INFO o.a.j.t.JMeterThread: Stopping because end time detected by thread: Menu Access 1-17
2026-03-31 01:11:34,413 INFO o.a.j.t.JMeterThread: Thread finished: Menu Access 1-17
2026-03-31 01:11:34,421 INFO o.a.j.t.JMeterThread: Stopping because end time detected by thread: Menu Access 1-20
2026-03-31 01:11:34,421 INFO o.a.j.t.JMeterThread: Thread finished: Menu Access 1-20
2026-03-31 01:11:34,427 INFO o.a.j.t.JMeterThread: Stopping because end time detected by thread: Menu Access 1-16
2026-03-31 01:11:34,427 INFO o.a.j.t.JMeterThread: Thread finished: Menu Access 1-16
2026-03-31 01:11:34,440 INFO o.a.j.t.JMeterThread: Stopping because end time detected by thread: Menu Access 1-18
2026-03-31 01:11:34,440 INFO o.a.j.t.JMeterThread: Thread finished: Menu Access 1-18
2026-03-31 01:11:34,446 INFO o.a.j.t.JMeterThread: Stopping because end time detected by thread: Menu Access 1-10
2026-03-31 01:11:34,446 INFO o.a.j.t.JMeterThread: Thread finished: Menu Access 1-10
2026-03-31 01:11:34,456 INFO o.a.j.t.JMeterThread: Stopping because end time detected by thread: Menu Access 1-9
2026-03-31 01:11:34,456 INFO o.a.j.t.JMeterThread: Thread finished: Menu Access 1-9
2026-03-31 01:11:34,468 INFO o.a.j.t.JMeterThread: Stopping because end time detected by thread: Menu Access 1-11
2026-03-31 01:11:34,468 INFO o.a.j.t.JMeterThread: Thread finished: Menu Access 1-11
2026-03-31 01:11:34,473 INFO o.a.j.t.JMeterThread: Stopping because end time detected by thread: Menu Access 1-15
2026-03-31 01:11:34,473 INFO o.a.j.t.JMeterThread: Thread finished: Menu Access 1-15
2026-03-31 01:11:34,480 INFO o.a.j.t.JMeterThread: Stopping because end time detected by thread: Menu Access 1-4
2026-03-31 01:11:34,480 INFO o.a.j.t.JMeterThread: Thread finished: Menu Access 1-4
2026-03-31 01:11:34,485 INFO o.a.j.t.JMeterThread: Stopping because end time detected by thread: Menu Access 1-6
2026-03-31 01:11:34,485 INFO o.a.j.t.JMeterThread: Thread finished: Menu Access 1-6
2026-03-31 01:11:34,490 INFO o.a.j.t.JMeterThread: Stopping because end time detected by thread: Menu Access 1-13
2026-03-31 01:11:34,490 INFO o.a.j.t.JMeterThread: Thread finished: Menu Access 1-13
2026-03-31 01:11:34,495 INFO o.a.j.t.JMeterThread: Stopping because end time detected by thread: Menu Access 1-12
2026-03-31 01:11:34,495 INFO o.a.j.t.JMeterThread: Thread finished: Menu Access 1-12
2026-03-31 01:11:34,501 INFO o.a.j.t.JMeterThread: Stopping because end time detected by thread: Menu Access 1-5
2026-03-31 01:11:34,501 INFO o.a.j.t.JMeterThread: Thread finished: Menu Access 1-5
2026-03-31 01:11:34,506 INFO o.a.j.t.JMeterThread: Stopping because end time detected by thread: Menu Access 1-1
2026-03-31 01:11:34,506 INFO o.a.j.t.JMeterThread: Thread finished: Menu Access 1-1
2026-03-31 01:11:34,511 INFO o.a.j.t.JMeterThread: Stopping because end time detected by thread: Menu Access 1-19
2026-03-31 01:11:34,511 INFO o.a.j.t.JMeterThread: Thread finished: Menu Access 1-19
2026-03-31 01:11:34,516 INFO o.a.j.t.JMeterThread: Stopping because end time detected by thread: Menu Access 1-7
2026-03-31 01:11:34,516 INFO o.a.j.t.JMeterThread: Thread finished: Menu Access 1-7
2026-03-31 01:11:34,521 INFO o.a.j.t.JMeterThread: Stopping because end time detected by thread: Menu Access 1-8
2026-03-31 01:11:34,521 INFO o.a.j.t.JMeterThread: Thread finished: Menu Access 1-8
2026-03-31 01:11:34,521 INFO o.a.j.e.StandardJMeterEngine: Notifying test listeners of end of test
2026-03-31 01:11:34,521 INFO o.a.j.g.u.JMeterMenuBar: setRunning(false, *local*)
2026-03-31 01:28:28,596 INFO o.a.j.e.StandardJMeterEngine: Running the test!
2026-03-31 01:28:28,598 INFO o.a.j.s.SampleEvent: List of sample_variables: []
2026-03-31 01:28:28,599 INFO o.a.j.g.u.JMeterMenuBar: setRunning(true, *local*)
2026-03-31 01:28:28,648 INFO o.a.j.e.StandardJMeterEngine: Starting ThreadGroup: 1 : Menu Access
2026-03-31 01:28:28,648 INFO o.a.j.e.StandardJMeterEngine: Starting 20 threads for group Menu Access.
2026-03-31 01:28:28,648 INFO o.a.j.e.StandardJMeterEngine: Thread will continue on error
2026-03-31 01:28:28,648 INFO o.a.j.t.ThreadGroup: Starting thread group... number=1 threads=20 ramp-up=10 delayedStart=false
2026-03-31 01:28:28,649 INFO o.a.j.t.JMeterThread: Thread started: Menu Access 1-1
2026-03-31 01:28:28,650 INFO o.a.j.t.ThreadGroup: Started thread group number 1
2026-03-31 01:28:28,650 INFO o.a.j.e.StandardJMeterEngine: All thread groups have been started
2026-03-31 01:28:29,153 INFO o.a.j.t.JMeterThread: Thread started: Menu Access 1-2
2026-03-31 01:28:29,653 INFO o.a.j.t.JMeterThread: Thread started: Menu Access 1-3
2026-03-31 01:28:30,153 INFO o.a.j.t.JMeterThread: Thread started: Menu Access 1-4
2026-03-31 01:28:30,653 INFO o.a.j.t.JMeterThread: Thread started: Menu Access 1-5
2026-03-31 01:28:31,153 INFO o.a.j.t.JMeterThread: Thread started: Menu Access 1-6
2026-03-31 01:28:31,653 INFO o.a.j.t.JMeterThread: Thread started: Menu Access 1-7
2026-03-31 01:28:32,153 INFO o.a.j.t.JMeterThread: Thread started: Menu Access 1-8
2026-03-31 01:28:32,648 INFO o.a.j.t.JMeterThread: Thread started: Menu Access 1-9
2026-03-31 01:28:33,154 INFO o.a.j.t.JMeterThread: Thread started: Menu Access 1-10
2026-03-31 01:28:33,654 INFO o.a.j.t.JMeterThread: Thread started: Menu Access 1-11
2026-03-31 01:28:34,150 INFO o.a.j.t.JMeterThread: Thread started: Menu Access 1-12
2026-03-31 01:28:34,652 INFO o.a.j.t.JMeterThread: Thread started: Menu Access 1-13
2026-03-31 01:28:35,151 INFO o.a.j.t.JMeterThread: Thread started: Menu Access 1-14
2026-03-31 01:28:35,652 INFO o.a.j.t.JMeterThread: Thread started: Menu Access 1-15
2026-03-31 01:28:36,151 INFO o.a.j.t.JMeterThread: Thread started: Menu Access 1-16
2026-03-31 01:28:36,653 INFO o.a.j.t.JMeterThread: Thread started: Menu Access 1-17
2026-03-31 01:28:37,151 INFO o.a.j.t.JMeterThread: Thread started: Menu Access 1-18
2026-03-31 01:28:37,650 INFO o.a.j.t.JMeterThread: Thread started: Menu Access 1-19
2026-03-31 01:28:38,150 INFO o.a.j.t.JMeterThread: Thread started: Menu Access 1-20
2026-03-31 01:28:39,095 INFO o.a.j.g.a.Start: Shutting test down
2026-03-31 01:28:39,129 INFO o.a.j.t.JMeterThread: Stopping: Menu Access 1-12
2026-03-31 01:28:39,129 INFO o.a.j.t.JMeterThread: Stopping: Menu Access 1-4
2026-03-31 01:28:39,129 INFO o.a.j.t.JMeterThread: Stopping: Menu Access 1-5
2026-03-31 01:28:39,129 INFO o.a.j.t.JMeterThread: Stopping: Menu Access 1-8
2026-03-31 01:28:39,129 INFO o.a.j.t.JMeterThread: Stopping: Menu Access 1-16
2026-03-31 01:28:39,129 INFO o.a.j.t.JMeterThread: Stopping: Menu Access 1-20
2026-03-31 01:28:39,129 INFO o.a.j.t.JMeterThread: Stopping: Menu Access 1-17
2026-03-31 01:28:39,129 INFO o.a.j.t.JMeterThread: Stopping: Menu Access 1-7
2026-03-31 01:28:39,129 INFO o.a.j.t.JMeterThread: Stopping: Menu Access 1-19
2026-03-31 01:28:39,129 INFO o.a.j.t.JMeterThread: Stopping: Menu Access 1-3
2026-03-31 01:28:39,129 INFO o.a.j.t.JMeterThread: Stopping: Menu Access 1-9
2026-03-31 01:28:39,129 INFO o.a.j.t.JMeterThread: Stopping: Menu Access 1-15
2026-03-31 01:28:39,129 INFO o.a.j.t.JMeterThread: Stopping: Menu Access 1-11
2026-03-31 01:28:39,129 INFO o.a.j.t.JMeterThread: Stopping: Menu Access 1-2
2026-03-31 01:28:39,129 INFO o.a.j.t.JMeterThread: Stopping: Menu Access 1-13
2026-03-31 01:28:39,129 INFO o.a.j.t.JMeterThread: Stopping: Menu Access 1-6
2026-03-31 01:28:39,129 INFO o.a.j.t.JMeterThread: Stopping: Menu Access 1-10
2026-03-31 01:28:39,129 INFO o.a.j.t.JMeterThread: Stopping: Menu Access 1-14
2026-03-31 01:28:39,129 INFO o.a.j.t.JMeterThread: Stopping: Menu Access 1-18
2026-03-31 01:28:39,129 INFO o.a.j.t.JMeterThread: Stopping: Menu Access 1-1
2026-03-31 01:28:39,174 INFO o.a.j.t.JMeterThread: Thread finished: Menu Access 1-20
2026-03-31 01:28:39,182 INFO o.a.j.t.JMeterThread: Thread finished: Menu Access 1-19
2026-03-31 01:28:39,186 INFO o.a.j.t.JMeterThread: Thread finished: Menu Access 1-2
2026-03-31 01:28:39,204 INFO o.a.j.t.JMeterThread: Thread finished: Menu Access 1-1
2026-03-31 01:28:39,205 INFO o.a.j.t.JMeterThread: Thread finished: Menu Access 1-18
2026-03-31 01:28:39,219 INFO o.a.j.t.JMeterThread: Thread finished: Menu Access 1-17
2026-03-31 01:28:39,223 INFO o.a.j.t.JMeterThread: Thread finished: Menu Access 1-16
2026-03-31 01:28:39,231 INFO o.a.j.t.JMeterThread: Thread finished: Menu Access 1-15
2026-03-31 01:28:39,248 INFO o.a.j.t.JMeterThread: Thread finished: Menu Access 1-14
2026-03-31 01:28:39,257 INFO o.a.j.t.JMeterThread: Thread finished: Menu Access 1-13
2026-03-31 01:28:39,280 INFO o.a.j.t.JMeterThread: Thread finished: Menu Access 1-12
2026-03-31 01:28:39,287 INFO o.a.j.t.JMeterThread: Thread finished: Menu Access 1-11
2026-03-31 01:28:39,294 INFO o.a.j.t.JMeterThread: Thread finished: Menu Access 1-10
2026-03-31 01:28:39,312 INFO o.a.j.t.JMeterThread: Thread finished: Menu Access 1-9
2026-03-31 01:28:39,323 INFO o.a.j.t.JMeterThread: Thread finished: Menu Access 1-8
2026-03-31 01:28:39,329 INFO o.a.j.t.JMeterThread: Thread finished: Menu Access 1-7
2026-03-31 01:28:39,351 INFO o.a.j.t.JMeterThread: Thread finished: Menu Access 1-5
2026-03-31 01:28:39,352 INFO o.a.j.t.JMeterThread: Thread finished: Menu Access 1-6
2026-03-31 01:28:39,374 INFO o.a.j.t.JMeterThread: Thread finished: Menu Access 1-4
2026-03-31 01:28:39,383 INFO o.a.j.t.JMeterThread: Thread finished: Menu Access 1-3
2026-03-31 01:28:39,384 INFO o.a.j.e.StandardJMeterEngine: Notifying test listeners of end of test
2026-03-31 01:28:39,384 INFO o.a.j.g.u.JMeterMenuBar: setRunning(false, *local*)
2026-03-31 01:28:49,314 INFO o.a.j.e.StandardJMeterEngine: Running the test!
2026-03-31 01:28:49,316 INFO o.a.j.s.SampleEvent: List of sample_variables: []
2026-03-31 01:28:49,317 INFO o.a.j.g.u.JMeterMenuBar: setRunning(true, *local*)
2026-03-31 01:28:49,378 INFO o.a.j.e.StandardJMeterEngine: Starting ThreadGroup: 1 : Menu Access
2026-03-31 01:28:49,379 INFO o.a.j.e.StandardJMeterEngine: Starting 20 threads for group Menu Access.
2026-03-31 01:28:49,379 INFO o.a.j.e.StandardJMeterEngine: Thread will continue on error
2026-03-31 01:28:49,379 INFO o.a.j.t.ThreadGroup: Starting thread group... number=1 threads=20 ramp-up=10 delayedStart=false
2026-03-31 01:28:49,380 INFO o.a.j.t.JMeterThread: Thread started: Menu Access 1-1
2026-03-31 01:28:49,389 INFO o.a.j.t.ThreadGroup: Started thread group number 1
2026-03-31 01:28:49,389 INFO o.a.j.e.StandardJMeterEngine: All thread groups have been started
2026-03-31 01:28:49,880 INFO o.a.j.t.JMeterThread: Thread started: Menu Access 1-2
2026-03-31 01:28:50,385 INFO o.a.j.t.JMeterThread: Thread started: Menu Access 1-3
2026-03-31 01:28:50,883 INFO o.a.j.t.JMeterThread: Thread started: Menu Access 1-4
2026-03-31 01:28:51,385 INFO o.a.j.t.JMeterThread: Thread started: Menu Access 1-5
2026-03-31 01:28:51,885 INFO o.a.j.t.JMeterThread: Thread started: Menu Access 1-6
2026-03-31 01:28:52,383 INFO o.a.j.t.JMeterThread: Thread started: Menu Access 1-7
2026-03-31 01:28:52,885 INFO o.a.j.t.JMeterThread: Thread started: Menu Access 1-8
2026-03-31 01:28:53,383 INFO o.a.j.t.JMeterThread: Thread started: Menu Access 1-9
2026-03-31 01:28:53,885 INFO o.a.j.t.JMeterThread: Thread started: Menu Access 1-10
2026-03-31 01:28:54,384 INFO o.a.j.t.JMeterThread: Thread started: Menu Access 1-11
2026-03-31 01:28:54,885 INFO o.a.j.t.JMeterThread: Thread started: Menu Access 1-12
2026-03-31 01:28:55,381 INFO o.a.j.t.JMeterThread: Thread started: Menu Access 1-13
2026-03-31 01:28:55,884 INFO o.a.j.t.JMeterThread: Thread started: Menu Access 1-14
2026-03-31 01:28:56,385 INFO o.a.j.t.JMeterThread: Thread started: Menu Access 1-15
2026-03-31 01:28:56,885 INFO o.a.j.t.JMeterThread: Thread started: Menu Access 1-16
2026-03-31 01:28:57,385 INFO o.a.j.t.JMeterThread: Thread started: Menu Access 1-17
2026-03-31 01:28:57,884 INFO o.a.j.t.JMeterThread: Thread started: Menu Access 1-18
2026-03-31 01:28:58,384 INFO o.a.j.t.JMeterThread: Thread started: Menu Access 1-19
2026-03-31 01:28:58,885 INFO o.a.j.t.JMeterThread: Thread started: Menu Access 1-20
2026-03-31 01:29:31,773 INFO o.a.j.g.a.Start: Stopping test
2026-03-31 01:29:31,787 INFO o.a.j.t.JMeterThread: Stopping: Menu Access 1-17
2026-03-31 01:29:31,787 WARN o.a.j.t.JMeterThread: Interrupting: Menu Access 1-17 sampler: Post Add Item JSON
2026-03-31 01:29:31,795 INFO o.a.j.t.JMeterThread: Stopping: Menu Access 1-19
2026-03-31 01:29:31,795 WARN o.a.j.t.JMeterThread: Interrupting: Menu Access 1-19 sampler: Post Add Item JSON
2026-03-31 01:29:31,795 INFO o.a.j.t.JMeterThread: Stopping: Menu Access 1-10
2026-03-31 01:29:31,795 WARN o.a.j.t.JMeterThread: Interrupting: Menu Access 1-10 sampler: Post Add Item JSON
2026-03-31 01:29:31,796 INFO o.a.j.t.JMeterThread: Stopping: Menu Access 1-16
2026-03-31 01:29:31,796 WARN o.a.j.t.JMeterThread: Interrupting: Menu Access 1-16 sampler: Post Add Item JSON
2026-03-31 01:29:31,796 INFO o.a.j.t.JMeterThread: Thread finished: Menu Access 1-17
2026-03-31 01:29:31,796 INFO o.a.j.t.JMeterThread: Stopping: Menu Access 1-2
2026-03-31 01:29:31,796 WARN o.a.j.t.JMeterThread: Interrupting: Menu Access 1-2 sampler: Post Add Item JSON
2026-03-31 01:29:31,796 INFO o.a.j.t.JMeterThread: Thread finished: Menu Access 1-19
2026-03-31 01:29:31,796 INFO o.a.j.t.JMeterThread: Stopping: Menu Access 1-11
2026-03-31 01:29:31,796 WARN o.a.j.t.JMeterThread: Interrupting: Menu Access 1-11 sampler: Post Add Item JSON
2026-03-31 01:29:31,800 INFO o.a.j.t.JMeterThread: Thread finished: Menu Access 1-10
2026-03-31 01:29:31,800 INFO o.a.j.t.JMeterThread: Thread finished: Menu Access 1-16
2026-03-31 01:29:31,800 INFO o.a.j.t.JMeterThread: Thread finished: Menu Access 1-2
2026-03-31 01:29:31,800 INFO o.a.j.t.JMeterThread: Stopping: Menu Access 1-8
2026-03-31 01:29:31,800 WARN o.a.j.t.JMeterThread: Interrupting: Menu Access 1-8 sampler: Post Add Item JSON
2026-03-31 01:29:31,800 INFO o.a.j.t.JMeterThread: Thread finished: Menu Access 1-11
2026-03-31 01:29:31,800 INFO o.a.j.t.JMeterThread: Stopping: Menu Access 1-9
2026-03-31 01:29:31,800 WARN o.a.j.t.JMeterThread: Interrupting: Menu Access 1-9 sampler: Post Add Item JSON
2026-03-31 01:29:31,800 INFO o.a.j.t.JMeterThread: Stopping: Menu Access 1-12
2026-03-31 01:29:31,800 WARN o.a.j.t.JMeterThread: Interrupting: Menu Access 1-12 sampler: Post Add Item JSON
2026-03-31 01:29:31,800 INFO o.a.j.t.JMeterThread: Stopping: Menu Access 1-7
2026-03-31 01:29:31,800 WARN o.a.j.t.JMeterThread: Interrupting: Menu Access 1-7 sampler: Post Add Item JSON
2026-03-31 01:29:31,801 INFO o.a.j.t.JMeterThread: Stopping: Menu Access 1-14
2026-03-31 01:29:31,801 WARN o.a.j.t.JMeterThread: Interrupting: Menu Access 1-14 sampler: Post Add Item JSON
2026-03-31 01:29:31,801 INFO o.a.j.t.JMeterThread: Thread finished: Menu Access 1-8
2026-03-31 01:29:31,801 INFO o.a.j.t.JMeterThread: Thread finished: Menu Access 1-12
2026-03-31 01:29:31,801 INFO o.a.j.t.JMeterThread: Stopping: Menu Access 1-5
2026-03-31 01:29:31,801 INFO o.a.j.t.JMeterThread: Thread finished: Menu Access 1-9
2026-03-31 01:29:31,801 WARN o.a.j.t.JMeterThread: Interrupting: Menu Access 1-5 sampler: Post Add Item JSON
2026-03-31 01:29:31,801 INFO o.a.j.t.JMeterThread: Thread finished: Menu Access 1-7
2026-03-31 01:29:31,801 INFO o.a.j.t.JMeterThread: Thread finished: Menu Access 1-14
2026-03-31 01:29:31,801 INFO o.a.j.t.JMeterThread: Stopping: Menu Access 1-20
2026-03-31 01:29:31,801 WARN o.a.j.t.JMeterThread: Interrupting: Menu Access 1-20 sampler: Post Add Item JSON
2026-03-31 01:29:31,801 INFO o.a.j.t.JMeterThread: Stopping: Menu Access 1-18
2026-03-31 01:29:31,801 WARN o.a.j.t.JMeterThread: Interrupting: Menu Access 1-18 sampler: Post Add Item JSON
2026-03-31 01:29:31,802 INFO o.a.j.t.JMeterThread: Stopping: Menu Access 1-4
2026-03-31 01:29:31,802 INFO o.a.j.t.JMeterThread: Thread finished: Menu Access 1-5
2026-03-31 01:29:31,802 INFO o.a.j.t.JMeterThread: Thread finished: Menu Access 1-4
2026-03-31 01:29:31,802 INFO o.a.j.t.JMeterThread: Thread finished: Menu Access 1-20
2026-03-31 01:29:31,802 INFO o.a.j.t.JMeterThread: Thread finished: Menu Access 1-18
2026-03-31 01:29:31,802 INFO o.a.j.t.JMeterThread: Stopping: Menu Access 1-13
2026-03-31 01:29:31,802 WARN o.a.j.t.JMeterThread: Interrupting: Menu Access 1-13 sampler: Post Add Item JSON
2026-03-31 01:29:31,802 INFO o.a.j.t.JMeterThread: Stopping: Menu Access 1-6
2026-03-31 01:29:31,802 WARN o.a.j.t.JMeterThread: Interrupting: Menu Access 1-6 sampler: Post Add Item JSON
2026-03-31 01:29:31,802 INFO o.a.j.t.JMeterThread: Stopping: Menu Access 1-15
2026-03-31 01:29:31,802 WARN o.a.j.t.JMeterThread: Interrupting: Menu Access 1-15 sampler: Post Add Item JSON
2026-03-31 01:29:31,802 INFO o.a.j.t.JMeterThread: Thread finished: Menu Access 1-13
2026-03-31 01:29:31,802 INFO o.a.j.t.JMeterThread: Thread finished: Menu Access 1-6
2026-03-31 01:29:31,802 INFO o.a.j.t.JMeterThread: Stopping: Menu Access 1-3
2026-03-31 01:29:31,802 WARN o.a.j.t.JMeterThread: Interrupting: Menu Access 1-3 sampler: Post Add Item JSON
2026-03-31 01:29:31,802 INFO o.a.j.t.JMeterThread: Stopping: Menu Access 1-1
2026-03-31 01:29:31,802 WARN o.a.j.t.JMeterThread: Interrupting: Menu Access 1-1 sampler: Post Add Item JSON
2026-03-31 01:29:31,802 INFO o.a.j.t.JMeterThread: Thread finished: Menu Access 1-15
2026-03-31 01:29:31,803 INFO o.a.j.t.JMeterThread: Thread finished: Menu Access 1-3
2026-03-31 01:29:31,803 INFO o.a.j.t.JMeterThread: Thread finished: Menu Access 1-1
2026-03-31 01:29:31,803 INFO o.a.j.e.StandardJMeterEngine: Notifying test listeners of end of test
2026-03-31 01:29:31,803 INFO o.a.j.g.u.JMeterMenuBar: setRunning(false, *local*)
2026-03-31 01:29:41,864 INFO o.a.j.e.StandardJMeterEngine: Running the test!
2026-03-31 01:29:41,865 INFO o.a.j.s.SampleEvent: List of sample_variables: []
2026-03-31 01:29:41,865 INFO o.a.j.g.u.JMeterMenuBar: setRunning(true, *local*)
2026-03-31 01:29:41,899 INFO o.a.j.e.StandardJMeterEngine: Starting ThreadGroup: 1 : Menu Access
2026-03-31 01:29:41,899 INFO o.a.j.e.StandardJMeterEngine: Starting 20 threads for group Menu Access.
2026-03-31 01:29:41,899 INFO o.a.j.e.StandardJMeterEngine: Thread will continue on error
2026-03-31 01:29:41,899 INFO o.a.j.t.ThreadGroup: Starting thread group... number=1 threads=20 ramp-up=10 delayedStart=false
2026-03-31 01:29:41,899 INFO o.a.j.t.JMeterThread: Thread started: Menu Access 1-1
2026-03-31 01:29:41,901 INFO o.a.j.t.ThreadGroup: Started thread group number 1
2026-03-31 01:29:41,901 INFO o.a.j.e.StandardJMeterEngine: All thread groups have been started
2026-03-31 01:29:42,405 INFO o.a.j.t.JMeterThread: Thread started: Menu Access 1-2
2026-03-31 01:29:42,905 INFO o.a.j.t.JMeterThread: Thread started: Menu Access 1-3
2026-03-31 01:29:43,405 INFO o.a.j.t.JMeterThread: Thread started: Menu Access 1-4
2026-03-31 01:29:43,904 INFO o.a.j.t.JMeterThread: Thread started: Menu Access 1-5
2026-03-31 01:29:44,400 INFO o.a.j.t.JMeterThread: Thread started: Menu Access 1-6
2026-03-31 01:29:44,904 INFO o.a.j.t.JMeterThread: Thread started: Menu Access 1-7
2026-03-31 01:29:45,401 INFO o.a.j.t.JMeterThread: Thread started: Menu Access 1-8
2026-03-31 01:29:45,904 INFO o.a.j.t.JMeterThread: Thread started: Menu Access 1-9
2026-03-31 01:29:46,403 INFO o.a.j.t.JMeterThread: Thread started: Menu Access 1-10
2026-03-31 01:29:46,904 INFO o.a.j.t.JMeterThread: Thread started: Menu Access 1-11
2026-03-31 01:29:47,404 INFO o.a.j.t.JMeterThread: Thread started: Menu Access 1-12
2026-03-31 01:29:47,899 INFO o.a.j.t.JMeterThread: Thread started: Menu Access 1-13
2026-03-31 01:29:48,404 INFO o.a.j.t.JMeterThread: Thread started: Menu Access 1-14
2026-03-31 01:29:48,901 INFO o.a.j.t.JMeterThread: Thread started: Menu Access 1-15
2026-03-31 01:29:49,403 INFO o.a.j.t.JMeterThread: Thread started: Menu Access 1-16
2026-03-31 01:29:49,901 INFO o.a.j.t.JMeterThread: Thread started: Menu Access 1-17
2026-03-31 01:29:50,404 INFO o.a.j.t.JMeterThread: Thread started: Menu Access 1-18
2026-03-31 01:29:50,901 INFO o.a.j.t.JMeterThread: Thread started: Menu Access 1-19
2026-03-31 01:29:51,400 INFO o.a.j.t.JMeterThread: Thread started: Menu Access 1-20
2026-03-31 01:30:11,921 INFO o.a.j.t.JMeterThread: Stopping because end time detected by thread: Menu Access 1-5
2026-03-31 01:30:11,921 INFO o.a.j.t.JMeterThread: Thread finished: Menu Access 1-5
2026-03-31 01:30:11,923 INFO o.a.j.t.JMeterThread: Stopping because end time detected by thread: Menu Access 1-1
2026-03-31 01:30:11,923 INFO o.a.j.t.JMeterThread: Thread finished: Menu Access 1-1
2026-03-31 01:30:11,932 INFO o.a.j.t.JMeterThread: Stopping because end time detected by thread: Menu Access 1-7
2026-03-31 01:30:11,932 INFO o.a.j.t.JMeterThread: Thread finished: Menu Access 1-7
2026-03-31 01:30:11,941 INFO o.a.j.t.JMeterThread: Stopping because end time detected by thread: Menu Access 1-11
2026-03-31 01:30:11,941 INFO o.a.j.t.JMeterThread: Thread finished: Menu Access 1-11
2026-03-31 01:30:11,943 INFO o.a.j.t.JMeterThread: Stopping because end time detected by thread: Menu Access 1-2
2026-03-31 01:30:11,943 INFO o.a.j.t.JMeterThread: Thread finished: Menu Access 1-2
2026-03-31 01:30:11,946 INFO o.a.j.t.JMeterThread: Stopping because end time detected by thread: Menu Access 1-10
2026-03-31 01:30:11,946 INFO o.a.j.t.JMeterThread: Thread finished: Menu Access 1-10
2026-03-31 01:30:11,948 INFO o.a.j.t.JMeterThread: Stopping because end time detected by thread: Menu Access 1-19
2026-03-31 01:30:11,948 INFO o.a.j.t.JMeterThread: Thread finished: Menu Access 1-19
2026-03-31 01:30:11,951 INFO o.a.j.t.JMeterThread: Stopping because end time detected by thread: Menu Access 1-17
2026-03-31 01:30:11,951 INFO o.a.j.t.JMeterThread: Thread finished: Menu Access 1-17
2026-03-31 01:30:11,959 INFO o.a.j.t.JMeterThread: Stopping because end time detected by thread: Menu Access 1-13
2026-03-31 01:30:11,959 INFO o.a.j.t.JMeterThread: Thread finished: Menu Access 1-13
2026-03-31 01:30:11,965 INFO o.a.j.t.JMeterThread: Stopping because end time detected by thread: Menu Access 1-18
2026-03-31 01:30:11,965 INFO o.a.j.t.JMeterThread: Thread finished: Menu Access 1-18
2026-03-31 01:30:11,973 INFO o.a.j.t.JMeterThread: Stopping because end time detected by thread: Menu Access 1-14
2026-03-31 01:30:11,973 INFO o.a.j.t.JMeterThread: Thread finished: Menu Access 1-14
2026-03-31 01:30:11,982 INFO o.a.j.t.JMeterThread: Stopping because end time detected by thread: Menu Access 1-20
2026-03-31 01:30:11,982 INFO o.a.j.t.JMeterThread: Thread finished: Menu Access 1-20
2026-03-31 01:30:11,985 INFO o.a.j.t.JMeterThread: Stopping because end time detected by thread: Menu Access 1-12
2026-03-31 01:30:11,986 INFO o.a.j.t.JMeterThread: Thread finished: Menu Access 1-12
2026-03-31 01:30:11,991 INFO o.a.j.t.JMeterThread: Stopping because end time detected by thread: Menu Access 1-16
2026-03-31 01:30:11,991 INFO o.a.j.t.JMeterThread: Thread finished: Menu Access 1-16
2026-03-31 01:30:11,994 INFO o.a.j.t.JMeterThread: Stopping because end time detected by thread: Menu Access 1-15
2026-03-31 01:30:11,994 INFO o.a.j.t.JMeterThread: Thread finished: Menu Access 1-15
2026-03-31 01:30:12,085 INFO o.a.j.t.JMeterThread: Stopping because end time detected by thread: Menu Access 1-4
2026-03-31 01:30:12,085 INFO o.a.j.t.JMeterThread: Thread finished: Menu Access 1-4
2026-03-31 01:30:12,127 INFO o.a.j.t.JMeterThread: Stopping because end time detected by thread: Menu Access 1-3
2026-03-31 01:30:12,127 INFO o.a.j.t.JMeterThread: Thread finished: Menu Access 1-3
2026-03-31 01:30:12,145 INFO o.a.j.t.JMeterThread: Stopping because end time detected by thread: Menu Access 1-6
2026-03-31 01:30:12,145 INFO o.a.j.t.JMeterThread: Thread finished: Menu Access 1-6
2026-03-31 01:30:12,155 INFO o.a.j.t.JMeterThread: Stopping because end time detected by thread: Menu Access 1-8
2026-03-31 01:30:12,155 INFO o.a.j.t.JMeterThread: Thread finished: Menu Access 1-8
2026-03-31 01:30:12,158 INFO o.a.j.t.JMeterThread: Stopping because end time detected by thread: Menu Access 1-9
2026-03-31 01:30:12,158 INFO o.a.j.t.JMeterThread: Thread finished: Menu Access 1-9
2026-03-31 01:30:12,159 INFO o.a.j.e.StandardJMeterEngine: Notifying test listeners of end of test
2026-03-31 01:30:12,159 INFO o.a.j.g.u.JMeterMenuBar: setRunning(false, *local*)
